s01t01.la,0.0,7.37,la-nothing
s01t01.la,7.37,9.42,la-object-pick
s01t01.la,9.42,9.43,la-nothing
s01t01.la,9.43,11.43,la-object-pick
s01t01.la,11.43,12.93,la-object-switch-hands
s01t01.la,12.93,14.6,la-object-carry
s01t01.la,14.6,15.33,la-nothing
s01t01.la,15.33,16.4,la-object-orient
s01t01.la,16.4,20.51,la-nothing
s01t01.la,20.51,27.7,la-object-carry
s01t01.la,27.7,34.31,la-nothing
s01t01.la,34.31,35.56,la-object-switch-hands
s01t01.la,35.56,35.562,la-nothing
s01t01.la,35.562,37.829,la-object-carry
s01t01.la,37.829,41.858,la-nothing
s01t01.la,41.858,43.587,la-object-pick
s01t01.la,43.587,43.773,la-nothing
s01t01.la,43.773,44.18,la-object-switch-hands
s01t01.la,44.18,46.431,la-object-carry
s01t01.la,46.431,47.768,la-object-place
s01t01.la,47.768,47.77,la-nothing
s01t01.la,47.77,48.76,la-object-orient
s01t01.la,48.76,50.12,la-nothing
s01t01.la,50.12,51.034,la-object-pick
s01t01.la,51.034,51.039,la-nothing
s01t01.la,51.039,52.5,la-object-pick
s01t01.la,52.5,56.682,la-object-carry
s01t01.la,56.682,56.683,la-nothing
s01t01.la,56.683,57.859,la-object-place
s01t01.la,57.859,59.27,la-nothing
s01t01.la,59.27,60.778,la-object-pick
s01t01.la,60.778,64.185,la-object-carry
s01t01.la,64.185,69.286,la-nothing
s01t01.la,69.286,70.657,la-object-pick
s01t01.la,70.657,73.858,la-object-carry
s01t01.la,73.858,73.859,la-nothing
s01t01.la,73.859,75.477,la-object-place
s01t01.la,75.477,92.974,la-nothing
s01t01.la,92.974,94.542,la-object-orient
s01t01.la,94.542,117.481,la-nothing
s01t01.ra,0.0,7.37,ra-nothing
s01t01.ra,7.37,9.42,ra-object-pick
s01t01.ra,9.42,9.43,ra-nothing
s01t01.ra,9.43,11.43,ra-object-pick
s01t01.ra,11.43,12.93,ra-object-switch-hands
s01t01.ra,12.93,14.26,ra-object-place
s01t01.ra,14.26,14.73,ra-object-switch-hands
s01t01.ra,14.73,16.23,ra-object-place
s01t01.ra,16.23,18.26,ra-nothing
s01t01.ra,18.26,20.21,ra-object-pick
s01t01.ra,20.21,20.82,ra-object-switch-hands
s01t01.ra,20.82,24.63,ra-object-pick
s01t01.ra,24.63,25.48,ra-object-switch-hands
s01t01.ra,25.48,26.13,ra-object-carry
s01t01.ra,26.13,27.21,ra-object-place
s01t01.ra,27.21,28.06,ra-object-switch-hands
s01t01.ra,28.06,29.31,ra-object-place
s01t01.ra,29.31,30.35,ra-object-orient
s01t01.ra,30.35,32.66,ra-nothing
s01t01.ra,32.66,34.49,ra-object-pick
s01t01.ra,34.49,36.44,ra-object-carry
s01t01.ra,36.44,37.61,ra-object-place
s01t01.ra,37.61,38.09,ra-object-switch-hands
s01t01.ra,38.09,38.091,ra-nothing
s01t01.ra,38.091,40.17,ra-object-place
s01t01.ra,40.17,43.531,ra-nothing
s01t01.ra,43.531,43.768,ra-object-switch-hands
s01t01.ra,43.768,43.969,ra-object-carry
s01t01.ra,43.969,44.124,ra-nothing
s01t01.ra,44.124,45.315,ra-object-pick
s01t01.ra,45.315,46.712,ra-object-carry
s01t01.ra,46.712,47.768,ra-object-place
s01t01.ra,47.768,47.77,ra-nothing
s01t01.ra,47.77,48.76,ra-object-orient
s01t01.ra,48.76,50.125,ra-nothing
s01t01.ra,50.125,51.296,ra-object-pick
s01t01.ra,51.296,52.758,ra-object-carry
s01t01.ra,52.758,53.843,ra-object-pick
s01t01.ra,53.843,54.552,ra-object-carry
s01t01.ra,54.552,56.346,ra-object-place
s01t01.ra,56.346,56.803,ra-object-switch-hands
s01t01.ra,56.803,57.854,ra-object-place
s01t01.ra,57.854,59.27,ra-nothing
s01t01.ra,59.27,60.778,ra-object-pick
s01t01.ra,60.778,60.783,ra-nothing
s01t01.ra,60.783,61.315,ra-object-orient
s01t01.ra,61.315,61.321,ra-object-carry
s01t01.ra,61.321,62.622,ra-object-pick
s01t01.ra,62.622,64.275,ra-object-carry
s01t01.ra,64.275,66.37,ra-object-place
s01t01.ra,66.37,69.472,ra-nothing
s01t01.ra,69.472,70.653,ra-object-pick
s01t01.ra,70.653,70.657,ra-nothing
s01t01.ra,70.657,70.974,ra-object-switch-hands
s01t01.ra,70.974,72.13,ra-object-pick
s01t01.ra,72.13,74.015,ra-object-carry
s01t01.ra,74.015,75.602,ra-object-place
s01t01.ra,75.602,77.315,ra-nothing
s01t01.ra,77.315,78.803,ra-object-pick
s01t01.ra,78.803,78.808,ra-nothing
s01t01.ra,78.808,80.819,ra-object-carry
s01t01.ra,80.819,82.306,ra-object-place
s01t01.ra,82.306,82.727,ra-nothing
s01t01.ra,82.727,85.044,ra-object-orient
s01t01.ra,85.044,91.929,ra-nothing
s01t01.ra,91.929,94.497,ra-object-orient
s01t01.ra,94.497,94.501,ra-nothing
s01t01.ra,94.501,95.883,ra-object-orient
s01t01.ra,95.883,100.23,ra-nothing
s01t01.ra,100.23,101.828,ra-object-pick
s01t01.ra,101.828,102.678,ra-object-carry
s01t01.ra,102.678,104.517,ra-object-place
s01t01.ra,104.517,117.481,ra-nothing
s01t02.la,0.0,8.76,la-nothing
s01t02.la,8.76,11.61,la-object-pick
s01t02.la,11.61,11.616,la-nothing
s01t02.la,11.616,18.691,la-object-carry
s01t02.la,18.691,20.104,la-nothing
s01t02.la,20.104,25.267,la-object-orient
s01t02.la,25.267,27.97,la-nothing
s01t02.la,27.97,28.865,la-object-switch-hands
s01t02.la,28.865,28.866,la-nothing
s01t02.la,28.866,45.726,la-object-carry
s01t02.la,45.726,46.662,la-object-orient
s01t02.la,46.662,52.883,la-object-carry
s01t02.la,52.883,53.749,la-object-orient
s01t02.la,53.749,55.744,la-object-carry
s01t02.la,55.744,59.022,la-nothing
s01t02.la,59.022,60.72,la-object-orient
s01t02.la,60.72,61.534,la-nothing
s01t02.la,61.534,64.766,la-object-orient
s01t02.la,64.766,67.772,la-nothing
s01t02.la,67.772,69.237,la-object-orient
s01t02.la,69.237,70.475,la-nothing
s01t02.la,70.475,71.807,la-object-pick
s01t02.la,71.807,71.811,la-nothing
s01t02.la,71.811,84.18,la-object-carry
s01t02.la,84.18,87.79,la-nothing
s01t02.la,87.79,89.191,la-object-pick
s01t02.la,89.191,96.748,la-object-carry
s01t02.la,96.748,103.929,la-nothing
s01t02.la,103.929,104.97,la-object-pick
s01t02.la,104.97,106.307,la-object-carry
s01t02.la,106.307,107.72,la-object-place
s01t02.la,107.72,108.691,la-nothing
s01t02.la,108.691,110.121,la-object-pick
s01t02.la,110.121,110.127,la-nothing
s01t02.la,110.127,112.092,la-object-carry
s01t02.la,112.092,113.545,la-object-place
s01t02.la,113.545,119.348,la-nothing
s01t02.la,119.348,127.539,la-object-carry
s01t02.la,127.539,129.667,la-object-place
s01t02.la,129.667,129.673,la-nothing
s01t02.la,129.673,130.877,la-object-orient
s01t02.la,130.877,135.83,la-nothing
s01t02.la,135.83,138.313,la-object-carry
s01t02.la,138.313,140.127,la-object-place
s01t02.la,140.127,141.558,la-nothing
s01t02.la,141.558,142.97,la-object-pick
s01t02.la,142.97,144.778,la-object-carry
s01t02.la,144.778,147.621,la-object-place
s01t02.la,147.621,157.616,la-nothing
s01t02.ra,0.0,8.76,ra-nothing
s01t02.ra,8.76,11.61,ra-object-pick
s01t02.ra,11.61,13.16,ra-object-switch-hands
s01t02.ra,13.16,13.17,ra-nothing
s01t02.ra,13.17,14.63,ra-object-place
s01t02.ra,14.63,14.64,ra-nothing
s01t02.ra,14.64,15.6,ra-object-switch-hands
s01t02.ra,15.6,15.61,ra-nothing
s01t02.ra,15.61,16.75,ra-object-place
s01t02.ra,16.75,16.755,ra-nothing
s01t02.ra,16.755,17.366,ra-object-switch-hands
s01t02.ra,17.366,18.453,ra-object-place
s01t02.ra,18.453,18.86,ra-object-switch-hands
s01t02.ra,18.86,19.929,ra-object-place
s01t02.ra,19.929,25.267,ra-object-orient
s01t02.ra,25.267,27.063,ra-nothing
s01t02.ra,27.063,28.336,ra-object-pick
s01t02.ra,28.336,28.836,ra-nothing
s01t02.ra,28.836,29.9,ra-object-pick
s01t02.ra,29.9,30.424,ra-object-switch-hands
s01t02.ra,30.424,34.889,ra-object-pick
s01t02.ra,34.889,34.9,ra-nothing
s01t02.ra,34.9,35.917,ra-object-carry
s01t02.ra,35.917,36.644,ra-object-switch-hands
s01t02.ra,36.644,37.72,ra-object-place
s01t02.ra,37.72,37.731,ra-object-carry
s01t02.ra,37.731,38.906,ra-object-place
s01t02.ra,38.906,39.929,ra-object-switch-hands
s01t02.ra,39.929,41.679,ra-object-place
s01t02.ra,41.679,46.662,ra-object-orient
s01t02.ra,46.662,48.26,ra-object-carry
s01t02.ra,48.26,49.336,ra-object-switch-hands
s01t02.ra,49.336,51.656,ra-object-place
s01t02.ra,51.656,53.749,ra-object-orient
s01t02.ra,53.749,53.755,ra-object-carry
s01t02.ra,53.755,55.365,ra-object-orient
s01t02.ra,55.365,55.372,ra-object-carry
s01t02.ra,55.372,56.075,ra-object-switch-hands
s01t02.ra,56.075,57.023,ra-object-place
s01t02.ra,57.023,57.302,ra-object-orient
s01t02.ra,57.302,59.034,ra-object-place
s01t02.ra,59.034,61.243,ra-object-orient
s01t02.ra,61.243,63.255,ra-nothing
s01t02.ra,63.255,64.766,ra-object-orient
s01t02.ra,64.766,67.772,ra-nothing
s01t02.ra,67.772,69.237,ra-object-orient
s01t02.ra,69.237,70.475,ra-nothing
s01t02.ra,70.475,71.807,ra-object-pick
s01t02.ra,71.807,72.376,ra-object-switch-hands
s01t02.ra,72.376,73.404,ra-object-pick
s01t02.ra,73.404,73.416,ra-object-carry
s01t02.ra,73.416,74.433,ra-object-pick
s01t02.ra,74.433,78.133,ra-object-carry
s01t02.ra,78.133,79.755,ra-object-place
s01t02.ra,79.755,79.761,ra-nothing
s01t02.ra,79.761,81.732,ra-object-place
s01t02.ra,81.732,82.459,ra-object-switch-hands
s01t02.ra,82.459,83.936,ra-object-place
s01t02.ra,83.936,84.325,ra-object-switch-hands
s01t02.ra,84.325,85.406,ra-object-place
s01t02.ra,85.406,87.79,ra-nothing
s01t02.ra,87.79,89.185,ra-object-pick
s01t02.ra,89.185,89.678,ra-object-switch-hands
s01t02.ra,89.678,91.429,ra-object-pick
s01t02.ra,91.429,92.458,ra-object-carry
s01t02.ra,92.458,93.51,ra-object-place
s01t02.ra,93.51,93.516,ra-object-carry
s01t02.ra,93.516,94.47,ra-object-place
s01t02.ra,94.47,95.092,ra-object-orient
s01t02.ra,95.092,95.499,ra-object-switch-hands
s01t02.ra,95.499,96.621,ra-object-place
s01t02.ra,96.621,97.19,ra-object-switch-hands
s01t02.ra,97.19,97.987,ra-object-place
s01t02.ra,97.987,98.609,ra-object-orient
s01t02.ra,98.609,98.61,ra-nothing
s01t02.ra,98.61,99.395,ra-object-orient
s01t02.ra,99.395,101.97,ra-nothing
s01t02.ra,101.97,103.929,ra-object-orient
s01t02.ra,103.929,104.97,ra-object-pick
s01t02.ra,104.97,106.307,ra-object-carry
s01t02.ra,106.307,107.72,ra-object-place
s01t02.ra,107.72,108.691,ra-nothing
s01t02.ra,108.691,110.121,ra-object-pick
s01t02.ra,110.121,110.127,ra-nothing
s01t02.ra,110.127,113.069,ra-object-carry
s01t02.ra,113.069,114.621,ra-object-place
s01t02.ra,114.621,116.993,ra-nothing
s01t02.ra,116.993,119.029,ra-object-pick
s01t02.ra,119.029,119.459,ra-object-switch-hands
s01t02.ra,119.459,120.081,ra-object-pick
s01t02.ra,120.081,120.796,ra-object-switch-hands
s01t02.ra,120.796,121.912,ra-object-pick
s01t02.ra,121.912,121.917,ra-nothing
s01t02.ra,121.917,122.947,ra-object-carry
s01t02.ra,122.947,124.051,ra-object-place
s01t02.ra,124.051,124.808,ra-object-carry
s01t02.ra,124.808,126.162,ra-object-place
s01t02.ra,126.162,126.673,ra-object-switch-hands
s01t02.ra,126.673,127.028,ra-object-carry
s01t02.ra,127.028,130.871,ra-object-orient
s01t02.ra,130.871,130.883,ra-object-carry
s01t02.ra,130.883,132.952,ra-object-place
s01t02.ra,132.952,134.732,ra-nothing
s01t02.ra,134.732,135.615,ra-object-pick
s01t02.ra,135.615,136.046,ra-object-switch-hands
s01t02.ra,136.046,137.272,ra-object-pick
s01t02.ra,137.272,138.319,ra-object-carry
s01t02.ra,138.319,140.115,ra-object-place
s01t02.ra,140.115,141.558,ra-nothing
s01t02.ra,141.558,142.97,ra-object-pick
s01t02.ra,142.97,144.778,ra-object-carry
s01t02.ra,144.778,147.621,ra-object-place
s01t02.ra,147.621,152.568,ra-nothing
s01t02.ra,152.568,154.365,ra-object-orient
s01t02.ra,154.365,154.371,ra-nothing
s01t02.ra,154.371,156.046,ra-object-orient
s01t02.ra,156.046,157.616,ra-nothing
s01t03.la,0.0,8.7,la-nothing
s01t03.la,8.7,12.53,la-object-pick
s01t03.la,12.53,18.154,la-object-carry
s01t03.la,18.154,22.55,la-nothing
s01t03.la,22.55,39.153,la-object-carry
s01t03.la,39.153,39.874,la-object-switch-hands
s01t03.la,39.874,40.926,la-object-place
s01t03.la,40.926,44.2,la-object-carry
s01t03.la,44.2,48.47,la-nothing
s01t03.la,48.47,49.639,la-object-pick
s01t03.la,49.639,50.61,la-object-carry
s01t03.la,50.61,52.4,la-object-place
s01t03.la,52.4,54.04,la-object-orient
s01t03.la,54.04,54.823,la-nothing
s01t03.la,54.823,56.389,la-object-pick
s01t03.la,56.389,57.955,la-object-carry
s01t03.la,57.955,64.294,la-nothing
s01t03.la,64.294,71.948,la-object-carry
s01t03.la,71.948,74.536,la-object-orient
s01t03.la,74.536,77.609,la-nothing
s01t03.la,77.609,78.322,la-object-switch-hands
s01t03.la,78.322,81.969,la-object-carry
s01t03.la,81.969,81.97,la-nothing
s01t03.la,81.97,83.227,la-object-place
s01t03.la,83.227,87.227,la-nothing
s01t03.la,87.227,88.712,la-object-pick
s01t03.la,88.712,88.72,la-nothing
s01t03.la,88.72,94.448,la-object-carry
s01t03.la,94.448,106.529,la-nothing
s01t03.ra,0.0,8.7,ra-nothing
s01t03.ra,8.7,12.53,ra-object-pick
s01t03.ra,12.53,13.6,ra-object-switch-hands
s01t03.ra,13.6,14.64,ra-object-place
s01t03.ra,14.64,15.56,ra-object-switch-hands
s01t03.ra,15.56,16.48,ra-object-place
s01t03.ra,16.48,17.16,ra-object-switch-hands
s01t03.ra,17.16,17.99,ra-object-place
s01t03.ra,17.99,19.199,ra-object-switch-hands
s01t03.ra,19.199,20.79,ra-nothing
s01t03.ra,20.79,22.34,ra-object-pick
s01t03.ra,22.34,22.74,ra-object-switch-hands
s01t03.ra,22.74,23.51,ra-object-pick
s01t03.ra,23.51,23.85,ra-object-switch-hands
s01t03.ra,23.85,23.852,ra-nothing
s01t03.ra,23.852,27.698,ra-object-pick
s01t03.ra,27.698,29.146,ra-object-switch-hands
s01t03.ra,29.146,29.816,ra-object-carry
s01t03.ra,29.816,32.029,ra-object-place
s01t03.ra,32.029,32.632,ra-object-carry
s01t03.ra,32.632,33.544,ra-object-place
s01t03.ra,33.544,34.441,ra-object-orient
s01t03.ra,34.441,35.308,ra-object-carry
s01t03.ra,35.308,36.109,ra-object-orient
s01t03.ra,36.109,37.109,ra-object-switch-hands
s01t03.ra,37.109,38.087,ra-object-place
s01t03.ra,38.087,38.595,ra-object-switch-hands
s01t03.ra,38.595,42.375,ra-object-carry
s01t03.ra,42.375,42.381,ra-nothing
s01t03.ra,42.381,43.749,ra-object-place
s01t03.ra,43.749,44.734,ra-object-switch-hands
s01t03.ra,44.734,44.742,ra-nothing
s01t03.ra,44.742,45.852,ra-object-place
s01t03.ra,45.852,47.235,ra-object-orient
s01t03.ra,47.235,48.47,ra-nothing
s01t03.ra,48.47,49.639,ra-object-pick
s01t03.ra,49.639,50.61,ra-object-carry
s01t03.ra,50.61,52.4,ra-object-place
s01t03.ra,52.4,54.04,ra-object-orient
s01t03.ra,54.04,54.823,ra-nothing
s01t03.ra,54.823,56.382,ra-object-pick
s01t03.ra,56.382,56.786,ra-object-carry
s01t03.ra,56.786,57.779,ra-object-place
s01t03.ra,57.779,58.279,ra-object-switch-hands
s01t03.ra,58.279,59.279,ra-object-place
s01t03.ra,59.279,60.962,ra-nothing
s01t03.ra,60.962,62.639,ra-object-orient
s01t03.ra,62.639,63.065,ra-nothing
s01t03.ra,63.065,64.168,ra-object-pick
s01t03.ra,64.168,64.492,ra-object-switch-hands
s01t03.ra,64.492,65.205,ra-object-pick
s01t03.ra,65.205,65.573,ra-object-switch-hands
s01t03.ra,65.573,66.382,ra-object-pick
s01t03.ra,66.382,66.61,ra-object-carry
s01t03.ra,66.61,67.757,ra-object-pick
s01t03.ra,67.757,68.485,ra-object-carry
s01t03.ra,68.485,70.58,ra-object-place
s01t03.ra,70.58,70.933,ra-object-switch-hands
s01t03.ra,70.933,71.691,ra-object-place
s01t03.ra,71.691,71.698,ra-nothing
s01t03.ra,71.698,72.033,ra-object-switch-hands
s01t03.ra,72.033,72.941,ra-object-carry
s01t03.ra,72.941,74.875,ra-object-place
s01t03.ra,74.875,76.087,ra-nothing
s01t03.ra,76.087,77.646,ra-object-pick
s01t03.ra,77.646,78.109,ra-object-carry
s01t03.ra,78.109,78.772,ra-nothing
s01t03.ra,78.772,79.132,ra-object-carry
s01t03.ra,79.132,80.573,ra-object-pick
s01t03.ra,80.573,82.852,ra-object-carry
s01t03.ra,82.852,83.573,ra-object-place
s01t03.ra,83.573,83.58,ra-object-carry
s01t03.ra,83.58,84.573,ra-object-place
s01t03.ra,84.573,87.073,ra-nothing
s01t03.ra,87.073,87.911,ra-object-orient
s01t03.ra,87.911,88.742,ra-object-pick
s01t03.ra,88.742,88.757,ra-object-carry
s01t03.ra,88.757,90.794,ra-object-pick
s01t03.ra,90.794,92.83,ra-object-carry
s01t03.ra,92.83,94.117,ra-object-place
s01t03.ra,94.117,94.382,ra-object-switch-hands
s01t03.ra,94.382,95.264,ra-object-place
s01t03.ra,95.264,96.08,ra-object-carry
s01t03.ra,96.08,97.455,ra-object-place
s01t03.ra,97.455,106.529,ra-nothing
s01t04.la,0.0,4.881,la-nothing
s01t04.la,4.881,7.399,la-object-pick
s01t04.la,7.399,7.411,la-nothing
s01t04.la,7.411,11.907,la-object-carry
s01t04.la,11.907,16.485,la-nothing
s01t04.la,16.485,18.723,la-object-pick
s01t04.la,18.723,19.696,la-object-carry
s01t04.la,19.696,21.137,la-object-place
s01t04.la,21.137,21.916,la-nothing
s01t04.la,21.916,23.494,la-object-pick
s01t04.la,23.494,23.953,la-object-carry
s01t04.la,23.953,25.109,la-object-place
s01t04.la,25.109,28.751,la-nothing
s01t04.la,28.751,29.641,la-object-switch-hands
s01t04.la,29.641,40.393,la-object-carry
s01t04.la,40.393,44.439,la-nothing
s01t04.la,44.439,46.164,la-object-switch-hands
s01t04.la,46.164,50.549,la-object-carry
s01t04.la,50.549,52.421,la-nothing
s01t04.la,52.421,53.494,la-object-pick
s01t04.la,53.494,55.366,la-object-carry
s01t04.la,55.366,57.1,la-object-place
s01t04.la,57.1,57.935,la-nothing
s01t04.la,57.935,59.164,la-object-pick
s01t04.la,59.164,63.513,la-object-carry
s01t04.la,63.513,64.779,la-object-place
s01t04.la,64.779,67.669,la-nothing
s01t04.la,67.669,76.522,la-object-carry
s01t04.la,76.522,99.183,la-nothing
s01t04.ra,0.0,4.881,ra-nothing
s01t04.ra,4.881,7.399,ra-object-pick
s01t04.ra,7.399,7.402,ra-nothing
s01t04.ra,7.402,8.458,ra-object-switch-hands
s01t04.ra,8.458,9.211,ra-object-place
s01t04.ra,9.211,9.825,ra-object-switch-hands
s01t04.ra,9.825,10.486,ra-object-place
s01t04.ra,10.486,11.0,ra-object-switch-hands
s01t04.ra,11.0,11.651,ra-object-place
s01t04.ra,11.651,12.064,ra-object-switch-hands
s01t04.ra,12.064,12.862,ra-object-place
s01t04.ra,12.862,14.027,ra-object-orient
s01t04.ra,14.027,16.485,ra-nothing
s01t04.ra,16.485,18.723,ra-object-pick
s01t04.ra,18.723,19.696,ra-object-carry
s01t04.ra,19.696,21.137,ra-object-place
s01t04.ra,21.137,21.559,ra-nothing
s01t04.ra,21.559,22.605,ra-object-pick
s01t04.ra,22.605,23.953,ra-object-carry
s01t04.ra,23.953,25.109,ra-object-place
s01t04.ra,25.109,26.595,ra-nothing
s01t04.ra,26.595,30.458,ra-object-pick
s01t04.ra,30.458,30.467,ra-object-carry
s01t04.ra,30.467,32.522,ra-object-pick
s01t04.ra,32.522,33.797,ra-object-carry
s01t04.ra,33.797,36.448,ra-object-place
s01t04.ra,36.448,36.458,ra-object-carry
s01t04.ra,36.458,37.458,ra-object-orient
s01t04.ra,37.458,37.568,ra-object-carry
s01t04.ra,37.568,38.467,ra-object-place
s01t04.ra,38.467,38.926,ra-object-switch-hands
s01t04.ra,38.926,40.174,ra-object-place
s01t04.ra,40.174,40.733,ra-object-switch-hands
s01t04.ra,40.733,42.798,ra-object-place
s01t04.ra,42.798,44.164,ra-nothing
s01t04.ra,44.164,45.632,ra-object-pick
s01t04.ra,45.632,45.815,ra-object-carry
s01t04.ra,45.815,46.146,ra-nothing
s01t04.ra,46.146,48.099,ra-object-pick
s01t04.ra,48.099,48.705,ra-object-carry
s01t04.ra,48.705,50.008,ra-object-place
s01t04.ra,50.008,50.613,ra-object-switch-hands
s01t04.ra,50.613,51.384,ra-object-place
s01t04.ra,51.384,52.063,ra-nothing
s01t04.ra,52.063,53.256,ra-object-pick
s01t04.ra,53.256,53.265,ra-nothing
s01t04.ra,53.265,53.274,ra-object-carry
s01t04.ra,53.274,54.173,ra-object-pick
s01t04.ra,54.173,55.256,ra-object-carry
s01t04.ra,55.256,57.09,ra-object-place
s01t04.ra,57.09,57.999,ra-nothing
s01t04.ra,57.999,58.99,ra-object-pick
s01t04.ra,58.99,58.999,ra-nothing
s01t04.ra,58.999,61.733,ra-object-pick
s01t04.ra,61.733,62.852,ra-object-carry
s01t04.ra,62.852,64.77,ra-object-place
s01t04.ra,64.77,66.595,ra-nothing
s01t04.ra,66.595,67.467,ra-object-pick
s01t04.ra,67.467,67.476,ra-nothing
s01t04.ra,67.476,67.788,ra-object-switch-hands
s01t04.ra,67.788,68.522,ra-object-pick
s01t04.ra,68.522,68.88,ra-object-switch-hands
s01t04.ra,68.88,70.659,ra-object-pick
s01t04.ra,70.659,71.705,ra-object-carry
s01t04.ra,71.705,73.677,ra-object-place
s01t04.ra,73.677,73.898,ra-object-carry
s01t04.ra,73.898,74.733,ra-object-place
s01t04.ra,74.733,75.201,ra-object-switch-hands
s01t04.ra,75.201,76.091,ra-object-place
s01t04.ra,76.091,76.1,ra-nothing
s01t04.ra,76.1,76.568,ra-object-switch-hands
s01t04.ra,76.568,77.853,ra-object-place
s01t04.ra,77.853,99.183,ra-nothing
s01t05.la,0.0,3.772,la-nothing
s01t05.la,3.772,5.625,la-object-pick
s01t05.la,5.625,9.227,la-object-carry
s01t05.la,9.227,10.066,la-nothing
s01t05.la,10.066,11.198,la-object-orient
s01t05.la,11.198,13.08,la-nothing
s01t05.la,13.08,14.44,la-object-switch-hands
s01t05.la,14.44,18.816,la-object-carry
s01t05.la,18.816,20.75,la-object-place
s01t05.la,20.75,21.654,la-object-switch-hands
s01t05.la,21.654,26.933,la-object-carry
s01t05.la,26.933,33.544,la-nothing
s01t05.la,33.544,34.345,la-object-pick
s01t05.la,34.345,34.727,la-object-switch-hands
s01t05.la,34.727,35.286,la-nothing
s01t05.la,35.286,38.316,la-object-orient
s01t05.la,38.316,42.382,la-nothing
s01t05.la,42.382,43.286,la-object-switch-hands
s01t05.la,43.286,50.375,la-object-carry
s01t05.la,50.375,55.389,la-nothing
s01t05.la,55.389,56.882,la-object-pick
s01t05.la,56.882,57.705,la-object-carry
s01t05.la,57.705,58.896,la-object-place
s01t05.la,58.896,59.396,la-nothing
s01t05.la,59.396,61.22,la-object-pick
s01t05.la,61.22,62.911,la-object-carry
s01t05.la,62.911,64.676,la-object-place
s01t05.la,64.676,66.007,la-nothing
s01t05.la,66.007,67.448,la-object-pick
s01t05.la,67.448,67.904,la-nothing
s01t05.la,67.904,68.993,la-object-pick
s01t05.la,68.993,70.069,la-object-carry
s01t05.la,70.069,72.198,la-object-place
s01t05.la,72.198,73.453,la-nothing
s01t05.la,73.453,75.214,la-object-pick
s01t05.la,75.214,75.22,la-nothing
s01t05.la,75.22,75.825,la-object-carry
s01t05.la,75.825,78.36,la-object-place
s01t05.la,78.36,79.557,la-nothing
s01t05.la,79.557,80.843,la-object-pick
s01t05.la,80.843,81.86,la-object-carry
s01t05.la,81.86,83.44,la-object-place
s01t05.la,83.44,84.61,la-object-orient
s01t05.la,84.61,86.574,la-nothing
s01t05.la,86.574,88.307,la-object-pick
s01t05.la,88.307,93.517,la-object-carry
s01t05.la,93.517,94.867,la-object-pick
s01t05.la,94.867,97.197,la-object-carry
s01t05.la,97.197,98.098,la-object-place
s01t05.la,98.098,98.22,la-object-carry
s01t05.la,98.22,109.853,la-nothing
s01t05.ra,0.0,3.772,ra-nothing
s01t05.ra,3.772,5.625,ra-object-pick
s01t05.ra,5.625,6.97,ra-object-switch-hands
s01t05.ra,6.97,9.066,ra-object-place
s01t05.ra,9.066,9.536,ra-object-switch-hands
s01t05.ra,9.536,11.345,ra-object-place
s01t05.ra,11.345,12.771,ra-nothing
s01t05.ra,12.771,16.933,ra-object-pick
s01t05.ra,16.933,17.418,ra-object-carry
s01t05.ra,17.418,18.013,ra-object-switch-hands
s01t05.ra,18.013,21.573,ra-object-carry
s01t05.ra,21.573,22.823,ra-object-place
s01t05.ra,22.823,24.014,ra-object-orient
s01t05.ra,24.014,24.896,ra-object-switch-hands
s01t05.ra,24.896,26.595,ra-object-place
s01t05.ra,26.595,27.352,ra-object-switch-hands
s01t05.ra,27.352,28.381,ra-object-place
s01t05.ra,28.381,28.389,ra-nothing
s01t05.ra,28.389,33.176,ra-object-orient
s01t05.ra,33.176,33.323,ra-nothing
s01t05.ra,33.323,34.308,ra-object-orient
s01t05.ra,34.308,34.698,ra-nothing
s01t05.ra,34.698,35.147,ra-object-place
s01t05.ra,35.147,36.044,ra-object-orient
s01t05.ra,36.044,36.191,ra-nothing
s01t05.ra,36.191,38.294,ra-object-orient
s01t05.ra,38.294,42.278,ra-nothing
s01t05.ra,42.278,46.544,ra-object-pick
s01t05.ra,46.544,47.764,ra-object-place
s01t05.ra,47.764,47.772,ra-object-carry
s01t05.ra,47.772,48.302,ra-object-place
s01t05.ra,48.302,49.22,ra-object-switch-hands
s01t05.ra,49.22,50.243,ra-object-place
s01t05.ra,50.243,50.529,ra-object-switch-hands
s01t05.ra,50.529,51.5,ra-object-place
s01t05.ra,51.5,55.389,ra-nothing
s01t05.ra,55.389,56.882,ra-object-pick
s01t05.ra,56.882,57.705,ra-object-carry
s01t05.ra,57.705,58.896,ra-object-place
s01t05.ra,58.896,59.396,ra-nothing
s01t05.ra,59.396,61.212,ra-object-pick
s01t05.ra,61.212,62.352,ra-object-carry
s01t05.ra,62.352,64.675,ra-object-place
s01t05.ra,64.675,67.727,ra-nothing
s01t05.ra,67.727,68.779,ra-object-pick
s01t05.ra,68.779,70.61,ra-object-carry
s01t05.ra,70.61,72.433,ra-object-place
s01t05.ra,72.433,73.453,ra-nothing
s01t05.ra,73.453,75.214,ra-object-pick
s01t05.ra,75.214,75.22,ra-nothing
s01t05.ra,75.22,75.825,ra-object-carry
s01t05.ra,75.825,78.36,ra-object-place
s01t05.ra,78.36,79.534,ra-nothing
s01t05.ra,79.534,80.778,ra-object-pick
s01t05.ra,80.778,81.895,ra-object-carry
s01t05.ra,81.895,83.249,ra-object-place
s01t05.ra,83.249,83.251,ra-nothing
s01t05.ra,83.251,84.616,ra-object-orient
s01t05.ra,84.616,85.616,ra-nothing
s01t05.ra,85.616,87.168,ra-object-pick
s01t05.ra,87.168,87.176,ra-object-carry
s01t05.ra,87.176,91.043,ra-object-pick
s01t05.ra,91.043,92.293,ra-object-switch-hands
s01t05.ra,92.293,92.521,ra-object-carry
s01t05.ra,92.521,93.381,ra-object-switch-hands
s01t05.ra,93.381,94.271,ra-object-carry
s01t05.ra,94.271,95.837,ra-object-place
s01t05.ra,95.837,97.197,ra-object-carry
s01t05.ra,97.197,98.098,ra-object-place
s01t05.ra,98.098,98.42,ra-object-switch-hands
s01t05.ra,98.42,98.424,ra-nothing
s01t05.ra,98.424,100.11,ra-object-carry
s01t05.ra,100.11,101.68,ra-object-place
s01t05.ra,101.68,102.581,ra-object-orient
s01t05.ra,102.581,109.853,ra-nothing
s01t06.la,0.0,4.93,la-nothing
s01t06.la,4.93,6.76,la-object-pick
s01t06.la,6.76,7.57,la-object-carry
s01t06.la,7.57,9.33,la-object-place
s01t06.la,9.33,13.58,la-nothing
s01t06.la,13.58,15.92,la-object-carry
s01t06.la,15.92,17.73,la-object-place
s01t06.la,17.73,22.7,la-nothing
s01t06.la,22.7,24.57,la-object-pick
s01t06.la,24.57,25.66,la-object-carry
s01t06.la,25.66,26.88,la-object-place
s01t06.la,26.88,27.45,la-nothing
s01t06.la,27.45,28.74,la-object-pick
s01t06.la,28.74,29.39,la-object-carry
s01t06.la,29.39,30.58,la-object-place
s01t06.la,30.58,30.97,la-nothing
s01t06.la,30.97,32.61,la-object-pick
s01t06.la,32.61,33.16,la-object-carry
s01t06.la,33.16,34.62,la-object-place
s01t06.la,34.62,35.69,la-nothing
s01t06.la,35.69,36.71,la-object-pick
s01t06.la,36.71,37.64,la-object-carry
s01t06.la,37.64,38.99,la-object-place
s01t06.la,38.99,41.02,la-nothing
s01t06.la,41.02,41.61,la-object-switch-hands
s01t06.la,41.61,46.65,la-nothing
s01t06.la,46.65,47.94,la-object-pick
s01t06.la,47.94,52.86,la-object-carry
s01t06.la,52.86,60.269,la-nothing
s01t06.ra,0.0,4.93,ra-nothing
s01t06.ra,4.93,6.75,ra-object-pick
s01t06.ra,6.75,7.57,ra-object-switch-hands
s01t06.ra,7.57,9.33,ra-object-place
s01t06.ra,9.33,10.41,ra-nothing
s01t06.ra,10.41,12.18,ra-object-pick
s01t06.ra,12.18,12.22,ra-object-carry
s01t06.ra,12.22,13.33,ra-object-pick
s01t06.ra,13.33,13.69,ra-object-switch-hands
s01t06.ra,13.69,14.91,ra-object-carry
s01t06.ra,14.91,15.79,ra-object-place
s01t06.ra,15.79,16.68,ra-object-carry
s01t06.ra,16.68,17.31,ra-object-orient
s01t06.ra,17.31,17.42,ra-object-carry
s01t06.ra,17.42,18.7,ra-object-place
s01t06.ra,18.7,19.09,ra-nothing
s01t06.ra,19.09,20.65,ra-object-orient
s01t06.ra,20.65,22.71,ra-nothing
s01t06.ra,22.71,25.28,ra-object-pick
s01t06.ra,25.28,25.69,ra-object-carry
s01t06.ra,25.69,26.88,ra-object-place
s01t06.ra,26.88,27.45,ra-nothing
s01t06.ra,27.45,28.74,ra-object-pick
s01t06.ra,28.74,29.39,ra-object-carry
s01t06.ra,29.39,30.58,ra-object-place
s01t06.ra,30.58,30.97,ra-nothing
s01t06.ra,30.97,32.61,ra-object-pick
s01t06.ra,32.61,33.33,ra-object-carry
s01t06.ra,33.33,34.82,ra-object-place
s01t06.ra,34.82,35.4,ra-nothing
s01t06.ra,35.4,36.9,ra-object-pick
s01t06.ra,36.9,37.7,ra-object-carry
s01t06.ra,37.7,38.99,ra-object-place
s01t06.ra,38.99,39.67,ra-nothing
s01t06.ra,39.67,41.38,ra-object-pick
s01t06.ra,41.38,41.59,ra-nothing
s01t06.ra,41.59,41.74,ra-object-switch-hands
s01t06.ra,41.74,43.72,ra-object-place
s01t06.ra,43.72,45.41,ra-object-orient
s01t06.ra,45.41,46.17,ra-nothing
s01t06.ra,46.17,55.54,ra-object-pick
s01t06.ra,55.54,56.84,ra-object-place
s01t06.ra,56.84,60.269,ra-nothing
s02t01.la,0.0,6.217,la-nothing
s02t01.la,6.217,10.869,la-object-pick
s02t01.la,10.869,12.413,la-object-carry
s02t01.la,12.413,13.913,la-object-place
s02t01.la,13.913,14.195,la-nothing
s02t01.la,14.195,16.543,la-object-orient
s02t01.la,16.543,16.565,la-nothing
s02t01.la,16.565,18.695,la-object-orient
s02t01.la,18.695,20.586,la-nothing
s02t01.la,20.586,23.173,la-object-pick
s02t01.la,23.173,27.195,la-object-place
s02t01.la,27.195,31.347,la-nothing
s02t01.la,31.347,33.912,la-object-pick
s02t01.la,33.912,34.477,la-object-switch-hands
s02t01.la,34.477,39.26,la-object-pick
s02t01.la,39.26,48.77,la-object-carry
s02t01.la,48.77,49.623,la-object-switch-hands
s02t01.la,49.623,49.632,la-object-carry
s02t01.la,49.632,50.917,la-object-place
s02t01.la,50.917,52.632,la-object-orient
s02t01.la,52.632,58.613,la-object-carry
s02t01.la,58.613,59.586,la-object-orient
s02t01.la,59.586,68.232,la-object-carry
s02t01.la,68.232,68.687,la-nothing
s02t01.la,68.687,72.173,la-object-orient
s02t01.la,72.173,77.597,la-nothing
s02t01.la,77.597,79.129,la-object-carry
s02t01.la,79.129,85.081,la-nothing
s02t01.la,85.081,87.87,la-object-carry
s02t01.la,87.87,89.659,la-object-place
s02t01.la,89.659,94.476,la-nothing
s02t01.la,94.476,95.935,la-object-pick
s02t01.la,95.935,98.815,la-object-carry
s02t01.la,98.815,98.825,la-nothing
s02t01.la,98.825,100.815,la-object-place
s02t01.la,100.815,103.623,la-nothing
s02t01.la,103.623,104.595,la-object-pick
s02t01.la,104.595,104.604,la-nothing
s02t01.la,104.604,106.228,la-object-carry
s02t01.la,106.228,108.568,la-object-place
s02t01.la,108.568,110.476,la-nothing
s02t01.la,110.476,112.017,la-object-pick
s02t01.la,112.017,113.512,la-object-carry
s02t01.la,113.512,115.916,la-object-place
s02t01.la,115.916,119.375,la-nothing
s02t01.la,119.375,120.962,la-object-pick
s02t01.la,120.962,120.971,la-nothing
s02t01.la,120.971,122.09,la-object-switch-hands
s02t01.la,122.09,124.798,la-nothing
s02t01.la,124.798,127.394,la-object-pick
s02t01.la,127.394,132.954,la-object-carry
s02t01.la,132.954,134.807,la-object-place
s02t01.la,134.807,137.301,la-nothing
s02t01.la,137.301,138.898,la-object-pick
s02t01.la,138.898,138.907,la-nothing
s02t01.la,138.907,139.898,la-object-pick
s02t01.la,139.898,150.356,la-object-carry
s02t01.la,150.356,152.045,la-object-place
s02t01.la,152.045,168.83,la-nothing
s02t01.ra,0.0,6.217,ra-nothing
s02t01.ra,6.217,10.869,ra-object-pick
s02t01.ra,10.869,12.413,ra-object-carry
s02t01.ra,12.413,13.891,ra-object-place
s02t01.ra,13.891,18.695,ra-object-orient
s02t01.ra,18.695,20.586,ra-nothing
s02t01.ra,20.586,23.173,ra-object-pick
s02t01.ra,23.173,23.195,ra-nothing
s02t01.ra,23.195,28.086,ra-object-place
s02t01.ra,28.086,28.108,ra-nothing
s02t01.ra,28.108,28.978,ra-object-orient
s02t01.ra,28.978,34.477,ra-nothing
s02t01.ra,34.477,40.167,ra-object-carry
s02t01.ra,40.167,41.319,ra-object-switch-hands
s02t01.ra,41.319,41.32,ra-nothing
s02t01.ra,41.32,42.522,ra-object-switch-hands
s02t01.ra,42.522,42.531,ra-nothing
s02t01.ra,42.531,44.155,ra-object-place
s02t01.ra,44.155,46.071,ra-object-switch-hands
s02t01.ra,46.071,47.455,ra-object-place
s02t01.ra,47.455,52.577,ra-object-carry
s02t01.ra,52.577,53.963,ra-object-switch-hands
s02t01.ra,53.963,55.659,ra-object-place
s02t01.ra,55.659,57.256,ra-object-switch-hands
s02t01.ra,57.256,58.613,ra-object-place
s02t01.ra,58.613,61.173,ra-object-orient
s02t01.ra,61.173,61.182,ra-object-carry
s02t01.ra,61.182,62.127,ra-object-switch-hands
s02t01.ra,62.127,63.43,ra-object-orient
s02t01.ra,63.43,67.1,ra-object-carry
s02t01.ra,67.1,68.192,ra-object-place
s02t01.ra,68.192,68.678,ra-object-switch-hands
s02t01.ra,68.678,70.054,ra-object-place
s02t01.ra,70.054,72.532,ra-object-orient
s02t01.ra,72.532,76.147,ra-nothing
s02t01.ra,76.147,77.606,ra-object-pick
s02t01.ra,77.606,79.927,ra-object-carry
s02t01.ra,79.927,81.459,ra-object-place
s02t01.ra,81.459,83.825,ra-nothing
s02t01.ra,83.825,84.806,ra-object-pick
s02t01.ra,84.806,85.302,ra-object-switch-hands
s02t01.ra,85.302,86.448,ra-object-pick
s02t01.ra,86.448,87.861,ra-object-carry
s02t01.ra,87.861,87.87,ra-nothing
s02t01.ra,87.87,89.659,ra-object-place
s02t01.ra,89.659,93.999,ra-nothing
s02t01.ra,93.999,95.926,ra-object-pick
s02t01.ra,95.926,95.935,ra-nothing
s02t01.ra,95.935,98.806,ra-object-carry
s02t01.ra,98.806,101.173,ra-object-place
s02t01.ra,101.173,103.613,ra-nothing
s02t01.ra,103.613,104.852,ra-object-pick
s02t01.ra,104.852,107.237,ra-object-carry
s02t01.ra,107.237,107.246,ra-nothing
s02t01.ra,107.246,108.577,ra-object-place
s02t01.ra,108.577,110.476,ra-nothing
s02t01.ra,110.476,112.017,ra-object-pick
s02t01.ra,112.017,112.026,ra-nothing
s02t01.ra,112.026,114.338,ra-object-carry
s02t01.ra,114.338,114.347,ra-nothing
s02t01.ra,114.347,115.89,ra-object-place
s02t01.ra,115.89,117.825,ra-object-orient
s02t01.ra,117.825,121.614,ra-nothing
s02t01.ra,121.614,123.448,ra-object-place
s02t01.ra,123.448,126.22,ra-nothing
s02t01.ra,126.22,128.335,ra-object-pick
s02t01.ra,128.335,130.697,ra-object-carry
s02t01.ra,130.697,132.155,ra-object-place
s02t01.ra,132.155,132.954,ra-object-switch-hands
s02t01.ra,132.954,134.807,ra-object-place
s02t01.ra,134.807,139.944,ra-nothing
s02t01.ra,139.944,142.532,ra-object-switch-hands
s02t01.ra,142.532,144.22,ra-object-place
s02t01.ra,144.22,145.054,ra-object-switch-hands
s02t01.ra,145.054,146.412,ra-object-place
s02t01.ra,146.412,147.779,ra-object-switch-hands
s02t01.ra,147.779,149.229,ra-object-place
s02t01.ra,149.229,149.825,ra-nothing
s02t01.ra,149.825,150.724,ra-object-orient
s02t01.ra,150.724,168.83,ra-nothing
s02t02.la,0.0,6.603,la-nothing
s02t02.la,6.603,13.568,la-object-pick
s02t02.la,13.568,15.65,la-object-carry
s02t02.la,15.65,17.43,la-object-place
s02t02.la,17.43,18.953,la-nothing
s02t02.la,18.953,20.999,la-object-orient
s02t02.la,20.999,21.008,la-nothing
s02t02.la,21.008,23.797,la-object-orient
s02t02.la,23.797,27.669,la-nothing
s02t02.la,27.669,30.574,la-object-pick
s02t02.la,30.574,30.583,la-nothing
s02t02.la,30.583,31.384,la-object-switch-hands
s02t02.la,31.384,33.485,la-object-pick
s02t02.la,33.485,34.292,la-object-switch-hands
s02t02.la,34.292,36.834,la-object-pick
s02t02.la,36.834,37.788,la-object-switch-hands
s02t02.la,37.788,41.935,la-object-pick
s02t02.la,41.935,41.944,la-nothing
s02t02.la,41.944,44.485,la-object-carry
s02t02.la,44.485,46.027,la-object-place
s02t02.la,46.027,46.504,la-object-switch-hands
s02t02.la,46.504,48.384,la-object-carry
s02t02.la,48.384,50.696,la-object-orient
s02t02.la,50.696,52.458,la-object-switch-hands
s02t02.la,52.458,56.899,la-object-carry
s02t02.la,56.899,58.991,la-object-place
s02t02.la,58.991,58.999,la-object-carry
s02t02.la,58.999,59.586,la-object-switch-hands
s02t02.la,59.586,60.861,la-object-orient
s02t02.la,60.861,66.073,la-object-carry
s02t02.la,66.073,67.165,la-object-place
s02t02.la,67.165,68.651,la-object-orient
s02t02.la,68.651,70.137,la-object-switch-hands
s02t02.la,70.137,70.146,la-object-carry
s02t02.la,70.146,71.302,la-object-place
s02t02.la,71.302,72.688,la-object-orient
s02t02.la,72.688,74.238,la-object-switch-hands
s02t02.la,74.238,76.642,la-object-carry
s02t02.la,76.642,78.394,la-object-place
s02t02.la,78.394,80.889,la-nothing
s02t02.la,80.889,81.668,la-object-pick
s02t02.la,81.668,81.99,la-object-switch-hands
s02t02.la,81.99,82.668,la-object-pick
s02t02.la,82.668,83.27,la-object-switch-hands
s02t02.la,83.27,83.837,la-object-pick
s02t02.la,83.837,84.502,la-object-switch-hands
s02t02.la,84.502,85.191,la-object-pick
s02t02.la,85.191,87.186,la-object-carry
s02t02.la,87.186,88.688,la-object-place
s02t02.la,88.688,89.226,la-object-switch-hands
s02t02.la,89.226,90.26,la-object-place
s02t02.la,90.26,90.715,la-object-switch-hands
s02t02.la,90.715,91.576,la-object-place
s02t02.la,91.576,99.461,la-nothing
s02t02.la,99.461,104.067,la-object-pick
s02t02.la,104.067,105.664,la-object-carry
s02t02.la,105.664,108.925,la-object-place
s02t02.la,108.925,110.708,la-object-carry
s02t02.la,110.708,111.531,la-object-switch-hands
s02t02.la,111.531,122.026,la-nothing
s02t02.la,122.026,123.244,la-object-pick
s02t02.la,123.244,124.778,la-object-carry
s02t02.la,124.778,126.212,la-object-place
s02t02.la,126.212,133.342,la-nothing
s02t02.la,133.342,134.474,la-object-pick
s02t02.la,134.474,138.558,la-object-orient
s02t02.la,138.558,139.685,la-object-pick
s02t02.la,139.685,140.226,la-object-switch-hands
s02t02.la,140.226,141.674,la-object-pick
s02t02.la,141.674,142.53,la-object-carry
s02t02.la,142.53,144.552,la-object-place
s02t02.la,144.552,158.476,la-nothing
s02t02.la,158.476,159.773,la-object-carry
s02t02.la,159.773,160.288,la-nothing
s02t02.la,160.288,162.331,la-object-pick
s02t02.la,162.331,163.662,la-object-place
s02t02.la,163.662,164.6,la-object-switch-hands
s02t02.la,164.6,164.601,la-nothing
s02t02.la,164.601,166.687,la-object-place
s02t02.la,166.687,170.957,la-nothing
s02t02.la,170.957,172.159,la-object-pick
s02t02.la,172.159,173.472,la-object-carry
s02t02.la,173.472,176.048,la-object-place
s02t02.la,176.048,179.303,la-nothing
s02t02.la,179.303,181.016,la-object-pick
s02t02.la,181.016,192.91,la-object-carry
s02t02.la,192.91,193.949,la-object-place
s02t02.la,193.949,194.441,la-nothing
s02t02.la,194.441,195.756,la-object-pick
s02t02.la,195.756,198.126,la-object-place
s02t02.la,198.126,208.249,la-nothing
s02t02.ra,0.0,6.603,ra-nothing
s02t02.ra,6.603,13.568,ra-object-pick
s02t02.ra,13.568,15.65,ra-object-carry
s02t02.ra,15.65,17.43,ra-object-place
s02t02.ra,17.43,19.605,ra-object-orient
s02t02.ra,19.605,20.843,ra-nothing
s02t02.ra,20.843,22.43,ra-object-pick
s02t02.ra,22.43,23.485,ra-nothing
s02t02.ra,23.485,24.568,ra-object-orient
s02t02.ra,24.568,33.825,ra-nothing
s02t02.ra,33.825,52.293,ra-object-carry
s02t02.ra,52.293,53.577,ra-object-place
s02t02.ra,53.577,54.55,ra-object-switch-hands
s02t02.ra,54.55,56.009,ra-object-place
s02t02.ra,56.009,57.669,ra-object-switch-hands
s02t02.ra,57.669,61.036,ra-object-carry
s02t02.ra,61.036,62.623,ra-object-switch-hands
s02t02.ra,62.623,64.082,ra-object-place
s02t02.ra,64.082,66.045,ra-object-switch-hands
s02t02.ra,66.045,74.183,ra-object-carry
s02t02.ra,74.183,75.633,ra-object-place
s02t02.ra,75.633,76.073,ra-object-switch-hands
s02t02.ra,76.073,78.385,ra-object-place
s02t02.ra,78.385,81.852,ra-nothing
s02t02.ra,81.852,91.935,ra-object-carry
s02t02.ra,91.935,93.27,ra-object-place
s02t02.ra,93.27,99.461,ra-nothing
s02t02.ra,99.461,104.063,ra-object-pick
s02t02.ra,104.063,106.398,ra-object-carry
s02t02.ra,106.398,110.856,ra-object-place
s02t02.ra,110.856,111.388,ra-nothing
s02t02.ra,111.388,112.959,ra-object-place
s02t02.ra,112.959,122.722,ra-nothing
s02t02.ra,122.722,124.436,ra-object-pick
s02t02.ra,124.436,125.23,ra-object-carry
s02t02.ra,125.23,126.667,ra-object-place
s02t02.ra,126.667,139.98,ra-nothing
s02t02.ra,139.98,143.331,ra-object-carry
s02t02.ra,143.331,145.053,ra-object-place
s02t02.ra,145.053,156.005,ra-nothing
s02t02.ra,156.005,158.447,ra-object-pick
s02t02.ra,158.447,164.478,ra-object-carry
s02t02.ra,164.478,168.134,ra-nothing
s02t02.ra,168.134,169.594,ra-object-pick
s02t02.ra,169.594,170.956,ra-object-place
s02t02.ra,170.956,170.957,ra-nothing
s02t02.ra,170.957,172.159,ra-object-pick
s02t02.ra,172.159,173.472,ra-object-carry
s02t02.ra,173.472,176.048,ra-object-place
s02t02.ra,176.048,180.259,ra-nothing
s02t02.ra,180.259,182.153,ra-object-pick
s02t02.ra,182.153,183.203,ra-object-carry
s02t02.ra,183.203,183.905,ra-object-switch-hands
s02t02.ra,183.905,185.596,ra-object-pick
s02t02.ra,185.596,185.601,ra-nothing
s02t02.ra,185.601,187.629,ra-object-carry
s02t02.ra,187.629,189.104,ra-object-place
s02t02.ra,189.104,192.468,ra-object-orient
s02t02.ra,192.468,192.955,ra-object-switch-hands
s02t02.ra,192.955,195.264,ra-object-carry
s02t02.ra,195.264,197.756,ra-object-place
s02t02.ra,197.756,204.021,ra-nothing
s02t02.ra,204.021,206.855,ra-object-orient
s02t02.ra,206.855,208.249,ra-nothing
s02t03.la,0.0,7.878,la-nothing
s02t03.la,7.878,10.851,la-object-pick
s02t03.la,10.851,10.864,la-nothing
s02t03.la,10.864,19.162,la-object-carry
s02t03.la,19.162,29.026,la-nothing
s02t03.la,29.026,30.783,la-object-carry
s02t03.la,30.783,34.729,la-nothing
s02t03.la,34.729,36.161,la-object-pick
s02t03.la,36.161,36.661,la-object-switch-hands
s02t03.la,36.661,36.662,la-nothing
s02t03.la,36.662,37.729,la-object-pick
s02t03.la,37.729,37.731,la-nothing
s02t03.la,37.731,39.057,la-object-switch-hands
s02t03.la,39.057,39.737,la-object-pick
s02t03.la,39.737,41.249,la-object-carry
s02t03.la,41.249,42.923,la-object-place
s02t03.la,42.923,43.557,la-object-switch-hands
s02t03.la,43.557,44.801,la-object-place
s02t03.la,44.801,46.324,la-object-orient
s02t03.la,46.324,47.104,la-nothing
s02t03.la,47.104,48.383,la-object-orient
s02t03.la,48.383,51.232,la-nothing
s02t03.la,51.232,53.499,la-object-pick
s02t03.la,53.499,54.577,la-nothing
s02t03.la,54.577,55.406,la-object-orient
s02t03.la,55.406,57.494,la-object-carry
s02t03.la,57.494,57.737,la-object-switch-hands
s02t03.la,57.737,76.319,la-object-carry
s02t03.la,76.319,77.412,la-object-orient
s02t03.la,77.412,79.761,la-object-place
s02t03.la,79.761,88.997,la-nothing
s02t03.la,88.997,112.575,la-object-carry
s02t03.la,112.575,121.459,la-nothing
s02t03.la,121.459,121.883,la-object-carry
s02t03.la,121.883,130.162,la-nothing
s02t03.la,130.162,132.185,la-object-pick
s02t03.la,132.185,135.377,la-object-carry
s02t03.la,135.377,135.382,la-nothing
s02t03.la,135.382,136.729,la-object-place
s02t03.la,136.729,139.107,la-object-orient
s02t03.la,139.107,141.911,la-nothing
s02t03.la,141.911,143.661,la-object-pick
s02t03.la,143.661,144.432,la-object-switch-hands
s02t03.la,144.432,144.652,la-nothing
s02t03.la,144.652,146.922,la-object-carry
s02t03.la,146.922,148.754,la-object-place
s02t03.la,148.754,150.498,la-object-orient
s02t03.la,150.498,154.785,la-nothing
s02t03.la,154.785,156.378,la-object-pick
s02t03.la,156.378,156.382,la-nothing
s02t03.la,156.382,158.358,la-object-pick
s02t03.la,158.358,158.375,la-nothing
s02t03.la,158.375,162.137,la-object-carry
s02t03.la,162.137,163.806,la-object-place
s02t03.la,163.806,163.815,la-nothing
s02t03.la,163.815,164.366,la-object-switch-hands
s02t03.la,164.366,166.045,la-object-place
s02t03.la,166.045,168.0,la-object-orient
s02t03.la,168.0,183.843,la-nothing
s02t03.la,183.843,187.586,la-object-orient
s02t03.la,187.586,192.182,la-nothing
s02t03.ra,0.0,7.878,ra-nothing
s02t03.ra,7.878,10.851,ra-object-pick
s02t03.ra,10.851,10.864,ra-nothing
s02t03.ra,10.864,16.715,ra-object-carry
s02t03.ra,16.715,18.851,ra-object-place
s02t03.ra,18.851,18.864,ra-nothing
s02t03.ra,18.864,19.476,ra-object-switch-hands
s02t03.ra,19.476,20.945,ra-object-place
s02t03.ra,20.945,27.08,ra-nothing
s02t03.ra,27.08,29.013,ra-object-pick
s02t03.ra,29.013,29.026,ra-nothing
s02t03.ra,29.026,30.783,ra-object-carry
s02t03.ra,30.783,32.296,ra-object-place
s02t03.ra,32.296,36.661,ra-nothing
s02t03.ra,36.661,42.918,ra-object-carry
s02t03.ra,42.918,53.308,ra-nothing
s02t03.ra,53.308,54.571,ra-object-switch-hands
s02t03.ra,54.571,57.711,ra-object-carry
s02t03.ra,57.711,57.714,ra-nothing
s02t03.ra,57.714,60.447,ra-object-pick
s02t03.ra,60.447,61.948,ra-object-switch-hands
s02t03.ra,61.948,63.295,ra-nothing
s02t03.ra,63.295,64.441,ra-object-orient
s02t03.ra,64.441,66.284,ra-object-pick
s02t03.ra,66.284,68.069,ra-object-carry
s02t03.ra,68.069,68.074,ra-nothing
s02t03.ra,68.074,69.243,ra-object-place
s02t03.ra,69.243,70.371,ra-object-orient
s02t03.ra,70.371,70.377,ra-nothing
s02t03.ra,70.377,72.761,ra-object-orient
s02t03.ra,72.761,73.802,ra-object-switch-hands
s02t03.ra,73.802,75.889,ra-object-place
s02t03.ra,75.889,77.406,ra-object-carry
s02t03.ra,77.406,85.842,ra-nothing
s02t03.ra,85.842,88.72,ra-object-pick
s02t03.ra,88.72,89.441,ra-object-switch-hands
s02t03.ra,89.441,92.067,ra-object-pick
s02t03.ra,92.067,92.886,ra-object-switch-hands
s02t03.ra,92.886,92.892,ra-nothing
s02t03.ra,92.892,94.317,ra-object-pick
s02t03.ra,94.317,95.288,ra-object-switch-hands
s02t03.ra,95.288,98.099,ra-object-pick
s02t03.ra,98.099,98.103,ra-nothing
s02t03.ra,98.103,100.039,ra-object-carry
s02t03.ra,100.039,100.045,ra-nothing
s02t03.ra,100.045,102.417,ra-object-place
s02t03.ra,102.417,103.004,ra-object-switch-hands
s02t03.ra,103.004,104.214,ra-object-place
s02t03.ra,104.214,109.655,ra-object-orient
s02t03.ra,109.655,109.656,ra-nothing
s02t03.ra,109.656,110.528,ra-object-switch-hands
s02t03.ra,110.528,112.225,ra-object-place
s02t03.ra,112.225,112.231,ra-nothing
s02t03.ra,112.231,113.097,ra-object-switch-hands
s02t03.ra,113.097,114.754,ra-object-place
s02t03.ra,114.754,114.76,ra-nothing
s02t03.ra,114.76,116.487,ra-object-orient
s02t03.ra,116.487,116.493,ra-nothing
s02t03.ra,116.493,117.714,ra-object-orient
s02t03.ra,117.714,119.888,ra-nothing
s02t03.ra,119.888,121.058,ra-object-pick
s02t03.ra,121.058,121.063,ra-nothing
s02t03.ra,121.063,122.883,ra-object-carry
s02t03.ra,122.883,124.958,ra-object-place
s02t03.ra,124.958,130.493,ra-nothing
s02t03.ra,130.493,132.388,ra-object-pick
s02t03.ra,132.388,134.685,ra-object-carry
s02t03.ra,134.685,136.749,ra-object-place
s02t03.ra,136.749,141.911,ra-nothing
s02t03.ra,141.911,143.661,ra-object-pick
s02t03.ra,143.661,143.664,ra-nothing
s02t03.ra,143.664,144.479,ra-object-carry
s02t03.ra,144.479,144.482,ra-nothing
s02t03.ra,144.482,144.798,ra-object-switch-hands
s02t03.ra,144.798,146.315,ra-object-pick
s02t03.ra,146.315,150.17,ra-object-carry
s02t03.ra,150.17,151.63,ra-object-place
s02t03.ra,151.63,155.999,ra-nothing
s02t03.ra,155.999,156.797,ra-object-switch-hands
s02t03.ra,156.797,156.806,ra-nothing
s02t03.ra,156.806,164.173,ra-object-carry
s02t03.ra,164.173,166.045,ra-nothing
s02t03.ra,166.045,168.0,ra-object-orient
s02t03.ra,168.0,180.59,ra-nothing
s02t03.ra,180.59,184.664,ra-object-orient
s02t03.ra,184.664,192.182,ra-nothing
s02t04.la,0.0,6.249,la-nothing
s02t04.la,6.249,10.547,la-object-pick
s02t04.la,10.547,12.13,la-object-carry
s02t04.la,12.13,14.273,la-object-place
s02t04.la,14.273,14.785,la-object-switch-hands
s02t04.la,14.785,16.332,la-object-place
s02t04.la,16.332,18.981,la-nothing
s02t04.la,18.981,20.502,la-object-pick
s02t04.la,20.502,21.054,la-object-switch-hands
s02t04.la,21.054,22.208,la-object-pick
s02t04.la,22.208,22.815,la-object-switch-hands
s02t04.la,22.815,24.729,la-object-pick
s02t04.la,24.729,45.202,la-object-carry
s02t04.la,45.202,50.128,la-nothing
s02t04.la,50.128,51.98,la-object-pick
s02t04.la,51.98,53.429,la-object-carry
s02t04.la,53.429,54.711,la-object-place
s02t04.la,54.711,55.232,la-object-switch-hands
s02t04.la,55.232,56.34,la-object-place
s02t04.la,56.34,56.8,la-object-orient
s02t04.la,56.8,58.852,la-nothing
s02t04.la,58.852,60.373,la-object-pick
s02t04.la,60.373,61.472,la-object-place
s02t04.la,61.472,61.883,la-object-switch-hands
s02t04.la,61.883,61.889,la-nothing
s02t04.la,61.889,65.766,la-object-carry
s02t04.la,65.766,67.018,la-object-place
s02t04.la,67.018,77.147,la-nothing
s02t04.la,77.147,77.992,la-object-pick
s02t04.ra,0.0,8.213,ra-nothing
s02t04.ra,8.213,8.822,ra-object-switch-hands
s02t04.ra,8.822,14.404,ra-object-carry
s02t04.ra,14.404,20.845,ra-nothing
s02t04.ra,20.845,27.38,ra-object-carry
s02t04.ra,27.38,28.527,ra-object-place
s02t04.ra,28.527,30.294,ra-object-orient
s02t04.ra,30.294,31.558,ra-object-carry
s02t04.ra,31.558,32.723,ra-object-switch-hands
s02t04.ra,32.723,33.564,ra-object-place
s02t04.ra,33.564,33.57,ra-nothing
s02t04.ra,33.57,34.208,ra-object-orient
s02t04.ra,34.208,35.349,ra-object-switch-hands
s02t04.ra,35.349,36.865,ra-object-place
s02t04.ra,36.865,37.76,ra-object-orient
s02t04.ra,37.76,37.761,ra-nothing
s02t04.ra,37.761,39.975,ra-object-switch-hands
s02t04.ra,39.975,41.693,ra-object-carry
s02t04.ra,41.693,42.963,ra-object-place
s02t04.ra,42.963,43.564,ra-object-switch-hands
s02t04.ra,43.564,44.828,ra-object-place
s02t04.ra,44.828,45.521,ra-object-switch-hands
s02t04.ra,45.521,46.846,ra-object-place
s02t04.ra,46.846,50.128,ra-nothing
s02t04.ra,50.128,51.986,ra-object-pick
s02t04.ra,51.986,51.993,ra-nothing
s02t04.ra,51.993,55.023,ra-object-carry
s02t04.ra,55.023,58.852,ra-nothing
s02t04.ra,58.852,60.373,ra-object-pick
s02t04.ra,60.373,61.705,ra-object-carry
s02t04.ra,61.705,63.239,ra-object-pick
s02t04.ra,63.239,64.239,ra-object-carry
s02t04.ra,64.239,65.306,ra-object-place
s02t04.ra,65.306,66.005,ra-object-switch-hands
s02t04.ra,66.005,66.729,ra-object-carry
s02t04.ra,66.729,66.735,ra-nothing
s02t04.ra,66.735,68.49,ra-object-place
s02t04.ra,68.49,70.76,ra-object-orient
s02t04.ra,70.76,70.766,ra-nothing
s02t04.ra,70.766,71.226,ra-object-orient
s02t04.ra,71.226,77.147,ra-nothing
s02t04.ra,77.147,77.992,ra-object-pick
s02t05.la,0.0,9.743,la-nothing
s02t05.la,9.743,15.019,la-object-pick
s02t05.la,15.019,15.02,la-nothing
s02t05.la,15.02,15.652,la-object-switch-hands
s02t05.la,15.652,17.315,la-object-pick
s02t05.la,17.315,18.673,la-object-place
s02t05.la,18.673,18.683,la-nothing
s02t05.la,18.683,20.224,la-object-pick
s02t05.la,20.224,20.234,la-nothing
s02t05.la,20.234,21.917,la-object-place
s02t05.la,21.917,23.244,la-object-pick
s02t05.la,23.244,24.713,la-object-place
s02t05.la,24.713,24.714,la-nothing
s02t05.la,24.714,26.785,la-object-carry
s02t05.la,26.785,28.969,la-object-place
s02t05.la,28.969,28.971,la-nothing
s02t05.la,28.971,30.107,la-object-orient
s02t05.la,30.107,30.714,la-nothing
s02t05.la,30.714,36.328,la-object-orient
s02t05.la,36.328,38.014,la-nothing
s02t05.la,38.014,39.62,la-object-pick
s02t05.la,39.62,41.785,la-object-carry
s02t05.la,41.785,43.514,la-object-place
s02t05.la,43.514,50.592,la-nothing
s02t05.la,50.592,51.585,la-object-orient
s02t05.la,51.585,53.242,la-nothing
s02t05.la,53.242,55.896,la-object-pick
s02t05.la,55.896,57.028,la-object-switch-hands
s02t05.la,57.028,57.68,la-object-orient
s02t05.la,57.68,59.407,la-object-pick
s02t05.la,59.407,63.0,la-object-carry
s02t05.la,63.0,64.421,la-object-place
s02t05.la,64.421,64.728,la-object-switch-hands
s02t05.la,64.728,65.657,la-object-place
s02t05.la,65.657,66.15,la-object-carry
s02t05.la,66.15,70.978,la-nothing
s02t05.la,70.978,72.349,la-object-pick
s02t05.la,72.349,72.971,la-object-switch-hands
s02t05.la,72.971,73.642,la-nothing
s02t05.la,73.642,74.899,la-object-pick
s02t05.la,74.899,78.292,la-object-carry
s02t05.la,78.292,79.985,la-object-place
s02t05.la,79.985,80.842,la-nothing
s02t05.la,80.842,81.206,la-object-carry
s02t05.la,81.206,88.292,la-nothing
s02t05.la,88.292,89.95,la-object-orient
s02t05.la,89.95,90.514,la-object-carry
s02t05.la,90.514,93.178,la-object-orient
s02t05.la,93.178,96.557,la-object-carry
s02t05.la,96.557,98.45,la-object-place
s02t05.la,98.45,99.035,la-object-pick
s02t05.la,99.035,100.092,la-object-place
s02t05.la,100.092,100.664,la-object-pick
s02t05.la,100.664,101.914,la-object-carry
s02t05.la,101.914,103.392,la-object-place
s02t05.la,103.392,105.914,la-nothing
s02t05.la,105.914,107.346,la-object-pick
s02t05.la,107.346,108.124,la-object-switch-hands
s02t05.la,108.124,109.592,la-object-pick
s02t05.la,109.592,111.671,la-object-carry
s02t05.la,111.671,113.221,la-object-place
s02t05.la,113.221,113.821,la-object-switch-hands
s02t05.la,113.821,116.592,la-object-place
s02t05.la,116.592,119.6,la-nothing
s02t05.la,119.6,122.471,la-object-orient
s02t05.la,122.471,123.457,la-object-pick
s02t05.la,123.457,126.072,la-object-carry
s02t05.la,126.072,128.542,la-object-place
s02t05.la,128.542,133.406,la-nothing
s02t05.la,133.406,136.613,la-object-orient
s02t05.la,136.613,137.992,la-object-pick
s02t05.la,137.992,141.684,la-object-carry
s02t05.la,141.684,141.685,la-nothing
s02t05.la,141.685,143.62,la-object-place
s02t05.la,143.62,143.792,la-nothing
s02t05.la,143.792,146.092,la-object-place
s02t05.la,146.092,151.963,la-nothing
s02t05.la,151.963,155.527,la-object-pick
s02t05.la,155.527,155.528,la-nothing
s02t05.la,155.528,167.918,la-object-carry
s02t05.la,167.918,169.074,la-object-place
s02t05.la,169.074,170.826,la-nothing
s02t05.ra,0.0,9.743,ra-nothing
s02t05.ra,9.743,15.009,ra-object-pick
s02t05.ra,15.009,26.785,ra-object-carry
s02t05.ra,26.785,28.964,ra-object-place
s02t05.ra,28.964,30.1,ra-object-orient
s02t05.ra,30.1,30.114,ra-nothing
s02t05.ra,30.114,32.214,ra-object-orient
s02t05.ra,32.214,32.221,ra-nothing
s02t05.ra,32.221,36.499,ra-object-orient
s02t05.ra,36.499,39.149,ra-nothing
s02t05.ra,39.149,40.471,ra-object-pick
s02t05.ra,40.471,42.57,ra-object-carry
s02t05.ra,42.57,43.685,ra-object-place
s02t05.ra,43.685,49.37,ra-nothing
s02t05.ra,49.37,50.87,ra-object-pick
s02t05.ra,50.87,50.877,ra-object-switch-hands
s02t05.ra,50.877,66.55,ra-object-carry
s02t05.ra,66.55,68.727,ra-object-place
s02t05.ra,68.727,79.985,ra-nothing
s02t05.ra,79.985,81.006,ra-object-pick
s02t05.ra,81.006,81.099,ra-nothing
s02t05.ra,81.099,81.342,ra-object-switch-hands
s02t05.ra,81.342,82.742,ra-object-place
s02t05.ra,82.742,89.028,ra-nothing
s02t05.ra,89.028,91.035,ra-object-orient
s02t05.ra,91.035,93.035,ra-object-carry
s02t05.ra,93.035,94.399,ra-object-pick
s02t05.ra,94.399,100.556,ra-object-carry
s02t05.ra,100.556,100.557,ra-nothing
s02t05.ra,100.557,102.378,ra-object-place
s02t05.ra,102.378,105.914,ra-nothing
s02t05.ra,105.914,107.35,ra-object-pick
s02t05.ra,107.35,107.356,ra-nothing
s02t05.ra,107.356,115.088,ra-object-carry
s02t05.ra,115.088,115.092,ra-nothing
s02t05.ra,115.092,116.592,ra-object-place
s02t05.ra,116.592,119.271,ra-nothing
s02t05.ra,119.271,121.314,ra-object-orient
s02t05.ra,121.314,121.77,ra-nothing
s02t05.ra,121.77,122.464,ra-object-pick
s02t05.ra,122.464,124.257,ra-object-carry
s02t05.ra,124.257,125.221,ra-object-place
s02t05.ra,125.221,126.064,ra-object-carry
s02t05.ra,126.064,131.764,ra-nothing
s02t05.ra,131.764,133.821,ra-object-pick
s02t05.ra,133.821,140.574,ra-object-carry
s02t05.ra,140.574,143.65,ra-object-orient
s02t05.ra,143.65,143.877,ra-object-carry
s02t05.ra,143.877,146.392,ra-object-place
s02t05.ra,146.392,155.328,ra-nothing
s02t05.ra,155.328,156.373,ra-object-switch-hands
s02t05.ra,156.373,158.087,ra-object-place
s02t05.ra,158.087,159.067,ra-nothing
s02t05.ra,159.067,160.162,ra-object-orient
s02t05.ra,160.162,160.771,ra-object-switch-hands
s02t05.ra,160.771,161.927,ra-object-place
s02t05.ra,161.927,162.956,ra-object-switch-hands
s02t05.ra,162.956,165.1,ra-object-carry
s02t05.ra,165.1,166.244,ra-object-place
s02t05.ra,166.244,167.27,ra-nothing
s02t05.ra,167.27,169.078,ra-object-orient
s02t05.ra,169.078,170.826,ra-nothing
s02t06.la,0.0,5.54,la-nothing
s02t06.la,5.54,9.897,la-object-pick
s02t06.la,9.897,9.9,la-nothing
s02t06.la,9.9,19.643,la-object-carry
s02t06.la,19.643,19.644,la-nothing
s02t06.la,19.644,20.755,la-object-place
s02t06.la,20.755,21.784,la-object-orient
s02t06.la,21.784,23.086,la-nothing
s02t06.la,23.086,24.72,la-object-pick
s02t06.la,24.72,25.081,la-nothing
s02t06.la,25.081,25.41,la-object-place
s02t06.la,25.41,29.075,la-object-carry
s02t06.la,29.075,30.424,la-object-place
s02t06.la,30.424,31.482,la-nothing
s02t06.la,31.482,32.994,la-object-orient
s02t06.la,32.994,35.365,la-nothing
s02t06.la,35.365,36.782,la-object-pick
s02t06.la,36.782,47.982,la-object-carry
s02t06.la,47.982,48.463,la-nothing
s02t06.la,48.463,49.54,la-object-switch-hands
s02t06.la,49.54,51.029,la-object-place
s02t06.la,51.029,54.389,la-nothing
s02t06.la,54.389,56.766,la-object-pick
s02t06.la,56.766,63.109,la-object-carry
s02t06.la,63.109,64.981,la-object-orient
s02t06.la,64.981,67.178,la-object-carry
s02t06.la,67.178,67.962,la-object-place
s02t06.la,67.962,67.965,la-object-carry
s02t06.la,67.965,69.571,la-object-orient
s02t06.la,69.571,72.303,la-object-carry
s02t06.la,72.303,73.546,la-object-orient
s02t06.la,73.546,73.837,la-object-carry
s02t06.la,73.837,74.686,la-object-place
s02t06.la,74.686,74.777,la-nothing
s02t06.la,74.777,79.017,la-object-orient
s02t06.la,79.017,84.835,la-nothing
s02t06.la,84.835,86.475,la-object-pick
s02t06.la,86.475,87.934,la-object-carry
s02t06.la,87.934,89.376,la-object-place
s02t06.la,89.376,90.69,la-nothing
s02t06.la,90.69,92.097,la-object-pick
s02t06.la,92.097,96.237,la-nothing
s02t06.la,96.237,97.423,la-object-pick
s02t06.la,97.423,98.284,la-object-carry
s02t06.la,98.284,99.685,la-object-place
s02t06.la,99.685,100.569,la-nothing
s02t06.la,100.569,101.824,la-object-pick
s02t06.la,101.824,103.761,la-object-carry
s02t06.la,103.761,105.377,la-object-place
s02t06.la,105.377,106.488,la-object-pick
s02t06.la,106.488,107.988,la-object-place
s02t06.la,107.988,112.702,la-nothing
s02t06.ra,0.0,5.54,ra-nothing
s02t06.ra,5.54,8.438,ra-object-pick
s02t06.ra,8.438,11.755,ra-object-carry
s02t06.ra,11.755,13.357,ra-object-place
s02t06.ra,13.357,18.856,ra-object-orient
s02t06.ra,18.856,19.733,ra-object-switch-hands
s02t06.ra,19.733,19.744,ra-nothing
s02t06.ra,19.744,20.886,ra-object-place
s02t06.ra,20.886,21.784,ra-nothing
s02t06.ra,21.784,22.366,ra-object-orient
s02t06.ra,22.366,24.389,ra-nothing
s02t06.ra,24.389,25.005,ra-object-switch-hands
s02t06.ra,25.005,25.626,ra-nothing
s02t06.ra,25.626,27.139,ra-object-pick
s02t06.ra,27.139,27.739,ra-object-carry
s02t06.ra,27.739,30.424,ra-object-place
s02t06.ra,30.424,32.994,ra-object-orient
s02t06.ra,32.994,33.139,ra-nothing
s02t06.ra,33.139,34.587,ra-object-orient
s02t06.ra,34.587,35.365,ra-nothing
s02t06.ra,35.365,36.778,ra-object-pick
s02t06.ra,36.778,37.731,ra-object-switch-hands
s02t06.ra,37.731,39.115,ra-object-pick
s02t06.ra,39.115,40.654,ra-object-carry
s02t06.ra,40.654,42.41,ra-object-pick
s02t06.ra,42.41,44.337,ra-object-carry
s02t06.ra,44.337,47.529,ra-object-place
s02t06.ra,47.529,48.274,ra-object-switch-hands
s02t06.ra,48.274,49.458,ra-object-carry
s02t06.ra,49.458,51.023,ra-object-place
s02t06.ra,51.023,52.906,ra-nothing
s02t06.ra,52.906,54.214,ra-object-pick
s02t06.ra,54.214,54.218,ra-nothing
s02t06.ra,54.218,56.29,ra-object-carry
s02t06.ra,56.29,57.83,ra-object-pick
s02t06.ra,57.83,59.296,ra-object-switch-hands
s02t06.ra,59.296,59.375,ra-object-carry
s02t06.ra,59.375,60.317,ra-object-place
s02t06.ra,60.317,60.708,ra-object-switch-hands
s02t06.ra,60.708,61.557,ra-object-place
s02t06.ra,61.557,62.16,ra-object-switch-hands
s02t06.ra,62.16,64.189,ra-object-carry
s02t06.ra,64.189,65.207,ra-object-orient
s02t06.ra,65.207,65.893,ra-object-switch-hands
s02t06.ra,65.893,66.643,ra-object-place
s02t06.ra,66.643,67.224,ra-object-switch-hands
s02t06.ra,67.224,73.336,ra-object-carry
s02t06.ra,73.336,74.545,ra-object-place
s02t06.ra,74.545,74.749,ra-object-carry
s02t06.ra,74.749,75.906,ra-object-orient
s02t06.ra,75.906,75.965,ra-object-carry
s02t06.ra,75.965,77.726,ra-object-place
s02t06.ra,77.726,78.773,ra-object-orient
s02t06.ra,78.773,84.835,ra-nothing
s02t06.ra,84.835,86.475,ra-object-pick
s02t06.ra,86.475,87.934,ra-object-carry
s02t06.ra,87.934,89.376,ra-object-place
s02t06.ra,89.376,91.963,ra-nothing
s02t06.ra,91.963,93.114,ra-object-switch-hands
s02t06.ra,93.114,94.428,ra-object-place
s02t06.ra,94.428,96.848,ra-nothing
s02t06.ra,96.848,98.057,ra-object-pick
s02t06.ra,98.057,98.063,ra-nothing
s02t06.ra,98.063,99.679,ra-object-place
s02t06.ra,99.679,101.452,ra-nothing
s02t06.ra,101.452,102.987,ra-object-pick
s02t06.ra,102.987,105.715,ra-object-carry
s02t06.ra,105.715,107.988,ra-object-place
s02t06.ra,107.988,112.702,ra-nothing
s03t01.la,0.0,5.943,la-nothing
s03t01.la,5.943,10.309,la-object-pick
s03t01.la,10.309,10.323,la-nothing
s03t01.la,10.323,11.971,la-object-carry
s03t01.la,11.971,13.655,la-object-place
s03t01.la,13.655,14.154,la-object-pick
s03t01.la,14.154,14.943,la-nothing
s03t01.la,14.943,17.126,la-object-orient
s03t01.la,17.126,17.543,la-nothing
s03t01.la,17.543,18.014,la-object-pick
s03t01.la,18.014,21.266,la-nothing
s03t01.la,21.266,22.914,la-object-pick
s03t01.la,22.914,23.787,la-object-carry
s03t01.la,23.787,25.013,la-object-place
s03t01.la,25.013,27.379,la-nothing
s03t01.la,27.379,29.126,la-object-pick
s03t01.la,29.126,31.76,la-object-carry
s03t01.la,31.76,33.548,la-object-place
s03t01.la,33.548,35.233,la-nothing
s03t01.la,35.233,36.688,la-object-pick
s03t01.la,36.688,37.662,la-object-carry
s03t01.la,37.662,39.636,la-object-place
s03t01.la,39.636,41.337,la-nothing
s03t01.la,41.337,42.558,la-object-pick
s03t01.la,42.558,43.454,la-object-carry
s03t01.la,43.454,49.345,la-nothing
s03t01.la,49.345,79.303,la-object-carry
s03t01.la,79.303,85.785,la-nothing
s03t01.la,85.785,87.674,la-object-carry
s03t01.la,87.674,90.055,la-nothing
s03t01.la,90.055,91.675,la-object-orient
s03t01.la,91.675,93.379,la-nothing
s03t01.la,93.379,94.917,la-object-pick
s03t01.la,94.917,95.62,la-object-carry
s03t01.la,95.62,98.751,la-nothing
s03t01.la,98.751,100.764,la-object-pick
s03t01.la,100.764,102.206,la-object-carry
s03t01.la,102.206,104.93,la-object-place
s03t01.la,104.93,108.889,la-nothing
s03t01.la,108.889,111.716,la-object-carry
s03t01.la,111.716,113.344,la-object-place
s03t01.la,113.344,114.55,la-nothing
s03t01.la,114.55,116.503,la-object-pick
s03t01.la,116.503,117.848,la-object-switch-hands
s03t01.la,117.848,127.155,la-nothing
s03t01.ra,0.0,5.943,ra-nothing
s03t01.ra,5.943,10.309,ra-object-pick
s03t01.ra,10.309,10.323,ra-nothing
s03t01.ra,10.323,11.971,ra-object-carry
s03t01.ra,11.971,13.647,ra-object-place
s03t01.ra,13.647,15.563,ra-object-orient
s03t01.ra,15.563,17.112,ra-nothing
s03t01.ra,17.112,19.309,ra-object-orient
s03t01.ra,19.309,21.266,ra-nothing
s03t01.ra,21.266,22.9,ra-object-pick
s03t01.ra,22.9,24.731,ra-object-carry
s03t01.ra,24.731,25.632,ra-object-switch-hands
s03t01.ra,25.632,27.379,ra-nothing
s03t01.ra,27.379,29.14,ra-object-pick
s03t01.ra,29.14,30.843,ra-object-carry
s03t01.ra,30.843,32.44,ra-object-place
s03t01.ra,32.44,35.233,ra-nothing
s03t01.ra,35.233,36.688,ra-object-pick
s03t01.ra,36.688,37.662,ra-object-carry
s03t01.ra,37.662,39.636,ra-object-place
s03t01.ra,39.636,42.558,ra-nothing
s03t01.ra,42.558,43.454,ra-object-carry
s03t01.ra,43.454,43.467,ra-nothing
s03t01.ra,43.467,45.818,ra-object-place
s03t01.ra,45.818,47.57,ra-nothing
s03t01.ra,47.57,49.155,ra-object-pick
s03t01.ra,49.155,49.461,ra-object-switch-hands
s03t01.ra,49.461,49.462,ra-nothing
s03t01.ra,49.462,50.405,ra-object-pick
s03t01.ra,50.405,51.212,ra-object-switch-hands
s03t01.ra,51.212,52.91,ra-object-pick
s03t01.ra,52.91,53.812,ra-object-switch-hands
s03t01.ra,53.812,57.668,ra-object-pick
s03t01.ra,57.668,58.324,ra-object-switch-hands
s03t01.ra,58.324,60.555,ra-object-pick
s03t01.ra,60.555,62.393,ra-object-carry
s03t01.ra,62.393,63.703,ra-object-place
s03t01.ra,63.703,64.427,ra-object-switch-hands
s03t01.ra,64.427,66.613,ra-object-place
s03t01.ra,66.613,67.703,ra-object-switch-hands
s03t01.ra,67.703,69.731,ra-object-place
s03t01.ra,69.731,70.468,ra-object-switch-hands
s03t01.ra,70.468,72.027,ra-object-place
s03t01.ra,72.027,72.71,ra-object-switch-hands
s03t01.ra,72.71,73.931,ra-object-place
s03t01.ra,73.931,75.158,ra-object-switch-hands
s03t01.ra,75.158,76.144,ra-object-place
s03t01.ra,76.144,77.034,ra-object-switch-hands
s03t01.ra,77.034,78.882,ra-object-place
s03t01.ra,78.882,79.71,ra-object-switch-hands
s03t01.ra,79.71,80.882,ra-object-place
s03t01.ra,80.882,83.13,ra-nothing
s03t01.ra,83.13,85.543,ra-object-pick
s03t01.ra,85.543,87.336,ra-object-carry
s03t01.ra,87.336,87.343,ra-nothing
s03t01.ra,87.343,87.874,ra-object-orient
s03t01.ra,87.874,87.881,ra-nothing
s03t01.ra,87.881,90.061,ra-object-place
s03t01.ra,90.061,91.675,ra-object-orient
s03t01.ra,91.675,94.524,ra-nothing
s03t01.ra,94.524,95.875,ra-object-switch-hands
s03t01.ra,95.875,97.268,ra-object-place
s03t01.ra,97.268,98.751,ra-nothing
s03t01.ra,98.751,100.764,ra-object-pick
s03t01.ra,100.764,102.047,ra-object-carry
s03t01.ra,102.047,104.923,ra-object-place
s03t01.ra,104.923,107.834,ra-nothing
s03t01.ra,107.834,108.765,ra-object-pick
s03t01.ra,108.765,109.206,ra-object-switch-hands
s03t01.ra,109.206,110.048,ra-object-pick
s03t01.ra,110.048,111.716,ra-object-carry
s03t01.ra,111.716,113.344,ra-object-place
s03t01.ra,113.344,117.854,ra-nothing
s03t01.ra,117.854,120.061,ra-object-place
s03t01.ra,120.061,127.155,ra-nothing
s03t02.la,0.0,4.554,la-nothing
s03t02.la,4.554,7.418,la-object-pick
s03t02.la,7.418,9.202,la-object-carry
s03t02.la,9.202,11.891,la-object-place
s03t02.la,11.891,16.147,la-nothing
s03t02.la,16.147,19.013,la-object-pick
s03t02.la,19.013,20.337,la-object-carry
s03t02.la,20.337,23.175,la-object-place
s03t02.la,23.175,32.54,la-nothing
s03t02.la,32.54,37.54,la-object-carry
s03t02.la,37.54,39.675,la-object-place
s03t02.la,39.675,44.715,la-object-carry
s03t02.la,44.715,48.161,la-object-place
s03t02.la,48.161,52.229,la-nothing
s03t02.la,52.229,54.756,la-object-pick
s03t02.la,54.756,54.77,la-nothing
s03t02.la,54.77,58.756,la-object-carry
s03t02.la,58.756,65.553,la-nothing
s03t02.la,65.553,67.809,la-object-pick
s03t02.la,67.809,67.81,la-nothing
s03t02.la,67.81,69.229,la-object-carry
s03t02.la,69.229,71.053,la-object-place
s03t02.la,71.053,77.161,la-nothing
s03t02.la,77.161,80.891,la-object-carry
s03t02.la,80.891,84.107,la-object-place
s03t02.la,84.107,87.026,la-nothing
s03t02.la,87.026,89.729,la-object-carry
s03t02.la,89.729,92.094,la-object-place
s03t02.la,92.094,93.782,la-nothing
s03t02.la,93.782,95.809,la-object-pick
s03t02.la,95.809,98.053,la-object-carry
s03t02.la,98.053,100.999,la-object-place
s03t02.la,100.999,104.378,la-nothing
s03t02.la,104.378,105.324,la-object-switch-hands
s03t02.la,105.324,108.094,la-object-place
s03t02.la,108.094,110.945,la-nothing
s03t02.la,110.945,112.688,la-object-carry
s03t02.la,112.688,114.701,la-object-place
s03t02.la,114.701,120.27,la-nothing
s03t02.la,120.27,121.378,la-object-pick
s03t02.la,121.378,127.594,la-object-carry
s03t02.la,127.594,129.648,la-object-place
s03t02.la,129.648,130.202,la-object-switch-hands
s03t02.la,130.202,131.891,la-object-place
s03t02.la,131.891,138.601,la-nothing
s03t02.ra,0.0,4.567,ra-nothing
s03t02.ra,4.567,7.418,ra-object-pick
s03t02.ra,7.418,11.581,ra-object-carry
s03t02.ra,11.581,14.269,ra-object-place
s03t02.ra,14.269,16.147,ra-nothing
s03t02.ra,16.147,18.999,ra-object-pick
s03t02.ra,18.999,22.769,ra-object-carry
s03t02.ra,22.769,25.486,ra-object-place
s03t02.ra,25.486,29.215,ra-nothing
s03t02.ra,29.215,32.04,ra-object-pick
s03t02.ra,32.04,32.58,ra-object-carry
s03t02.ra,32.58,35.242,ra-object-pick
s03t02.ra,35.242,39.283,ra-object-carry
s03t02.ra,39.283,41.634,ra-object-place
s03t02.ra,41.634,45.905,ra-object-carry
s03t02.ra,45.905,48.378,ra-object-place
s03t02.ra,48.378,51.324,ra-nothing
s03t02.ra,51.324,54.743,ra-object-pick
s03t02.ra,54.743,56.81,ra-object-carry
s03t02.ra,56.81,56.824,ra-nothing
s03t02.ra,56.824,58.445,ra-object-place
s03t02.ra,58.445,58.986,ra-object-switch-hands
s03t02.ra,58.986,60.58,ra-object-place
s03t02.ra,60.58,65.553,ra-nothing
s03t02.ra,65.553,67.809,ra-object-pick
s03t02.ra,67.809,67.81,ra-nothing
s03t02.ra,67.81,70.824,ra-object-carry
s03t02.ra,70.824,72.553,ra-object-place
s03t02.ra,72.553,75.215,ra-nothing
s03t02.ra,75.215,76.85,ra-object-pick
s03t02.ra,76.85,77.404,ra-object-switch-hands
s03t02.ra,77.404,79.053,ra-object-pick
s03t02.ra,79.053,80.877,ra-object-carry
s03t02.ra,80.877,84.107,ra-object-place
s03t02.ra,84.107,85.715,ra-nothing
s03t02.ra,85.715,86.796,ra-object-pick
s03t02.ra,86.796,87.202,ra-object-switch-hands
s03t02.ra,87.202,88.391,ra-object-pick
s03t02.ra,88.391,88.405,ra-nothing
s03t02.ra,88.405,89.729,ra-object-carry
s03t02.ra,89.729,92.094,ra-object-place
s03t02.ra,92.094,93.782,ra-nothing
s03t02.ra,93.782,95.809,ra-object-pick
s03t02.ra,95.809,98.053,ra-object-carry
s03t02.ra,98.053,100.999,ra-object-place
s03t02.ra,100.999,102.526,ra-nothing
s03t02.ra,102.526,104.013,ra-object-pick
s03t02.ra,104.013,105.094,ra-object-carry
s03t02.ra,105.094,109.404,ra-nothing
s03t02.ra,109.404,111.066,ra-object-pick
s03t02.ra,111.066,112.688,ra-object-carry
s03t02.ra,112.688,114.701,ra-object-place
s03t02.ra,114.701,119.067,ra-nothing
s03t02.ra,119.067,121.391,ra-object-pick
s03t02.ra,121.391,121.837,ra-object-switch-hands
s03t02.ra,121.837,125.013,ra-object-pick
s03t02.ra,125.013,131.986,ra-object-carry
s03t02.ra,131.986,134.459,ra-object-place
s03t02.ra,134.459,138.601,ra-nothing
s03t03.la,0.0,6.11,la-nothing
s03t03.la,6.11,10.99,la-object-pick
s03t03.la,10.99,12.813,la-object-carry
s03t03.la,12.813,14.317,la-object-place
s03t03.la,14.317,14.32,la-nothing
s03t03.la,14.32,15.35,la-object-pick
s03t03.la,15.35,16.5,la-nothing
s03t03.la,16.5,17.722,la-object-pick
s03t03.la,17.722,19.63,la-nothing
s03t03.la,19.63,20.39,la-object-pick
s03t03.la,20.39,21.98,la-object-place
s03t03.la,21.98,23.91,la-nothing
s03t03.la,23.91,26.95,la-object-pick
s03t03.la,26.95,30.9,la-object-carry
s03t03.la,30.9,31.66,la-object-pick
s03t03.la,31.66,34.41,la-nothing
s03t03.la,34.41,34.98,la-object-pick
s03t03.la,34.98,36.12,la-nothing
s03t03.la,36.12,37.62,la-object-pick
s03t03.la,37.62,39.73,la-object-place
s03t03.la,39.73,42.104,la-nothing
s03t03.la,42.104,44.458,la-object-pick
s03t03.la,44.458,73.18,la-object-carry
s03t03.la,73.18,75.755,la-object-place
s03t03.la,75.755,77.412,la-nothing
s03t03.la,77.412,78.854,la-object-pick
s03t03.la,78.854,78.859,la-nothing
s03t03.la,78.859,84.133,la-object-carry
s03t03.la,84.133,87.441,la-nothing
s03t03.la,87.441,89.44,la-object-pick
s03t03.la,89.44,92.062,la-object-carry
s03t03.la,92.062,94.702,la-nothing
s03t03.la,94.702,96.726,la-object-pick
s03t03.la,96.726,98.086,la-object-carry
s03t03.la,98.086,99.778,la-object-place
s03t03.la,99.778,102.278,la-nothing
s03t03.la,102.278,104.092,la-object-pick
s03t03.la,104.092,106.429,la-object-carry
s03t03.la,106.429,108.371,la-object-place
s03t03.la,108.371,110.97,la-nothing
s03t03.la,110.97,113.324,la-object-pick
s03t03.la,113.324,119.956,la-object-carry
s03t03.la,119.956,119.964,la-nothing
s03t03.la,119.964,123.83,la-object-place
s03t03.la,123.83,136.691,la-nothing
s03t03.la,136.691,138.819,la-object-pick
s03t03.la,138.819,140.662,la-object-carry
s03t03.la,140.662,140.668,la-nothing
s03t03.la,140.668,144.011,la-object-place
s03t03.la,144.011,148.795,la-nothing
s03t03.la,148.795,150.475,la-object-carry
s03t03.la,150.475,154.813,la-nothing
s03t03.la,154.813,156.249,la-object-pick
s03t03.la,156.249,158.272,la-object-carry
s03t03.la,158.272,160.237,la-object-place
s03t03.la,160.237,179.915,la-nothing
s03t03.ra,0.0,6.11,ra-nothing
s03t03.ra,6.11,10.99,ra-object-pick
s03t03.ra,10.99,12.813,ra-object-carry
s03t03.ra,12.813,14.317,ra-object-place
s03t03.ra,14.317,14.32,ra-nothing
s03t03.ra,14.32,15.66,ra-object-pick
s03t03.ra,15.66,15.67,ra-object-switch-hands
s03t03.ra,15.67,16.96,ra-object-place
s03t03.ra,16.96,18.12,ra-object-pick
s03t03.ra,18.12,18.13,ra-object-switch-hands
s03t03.ra,18.13,19.37,ra-object-place
s03t03.ra,19.37,20.17,ra-object-pick
s03t03.ra,20.17,23.91,ra-nothing
s03t03.ra,23.91,26.95,ra-object-pick
s03t03.ra,26.95,29.01,ra-object-carry
s03t03.ra,29.01,30.9,ra-object-place
s03t03.ra,30.9,31.67,ra-object-pick
s03t03.ra,31.67,33.69,ra-object-place
s03t03.ra,33.69,34.78,ra-object-pick
s03t03.ra,34.78,37.0,ra-object-place
s03t03.ra,37.0,37.6,ra-object-pick
s03t03.ra,37.6,43.104,ra-nothing
s03t03.ra,43.104,44.465,ra-object-pick
s03t03.ra,44.465,45.051,ra-object-switch-hands
s03t03.ra,45.051,45.641,ra-object-pick
s03t03.ra,45.641,45.642,ra-nothing
s03t03.ra,45.642,45.95,ra-object-switch-hands
s03t03.ra,45.95,46.706,ra-object-pick
s03t03.ra,46.706,47.468,ra-object-switch-hands
s03t03.ra,47.468,47.47,ra-nothing
s03t03.ra,47.47,48.807,ra-object-pick
s03t03.ra,48.807,49.761,ra-object-switch-hands
s03t03.ra,49.761,49.766,ra-nothing
s03t03.ra,49.766,51.511,ra-object-pick
s03t03.ra,51.511,53.487,ra-object-carry
s03t03.ra,53.487,53.488,ra-nothing
s03t03.ra,53.488,54.865,ra-object-place
s03t03.ra,54.865,54.871,ra-nothing
s03t03.ra,54.871,55.691,ra-object-switch-hands
s03t03.ra,55.691,57.732,ra-object-place
s03t03.ra,57.732,58.836,ra-object-switch-hands
s03t03.ra,58.836,60.371,ra-object-place
s03t03.ra,60.371,62.336,ra-object-switch-hands
s03t03.ra,62.336,62.935,ra-object-place
s03t03.ra,62.935,64.877,ra-object-orient
s03t03.ra,64.877,66.336,ra-object-switch-hands
s03t03.ra,66.336,66.342,ra-nothing
s03t03.ra,66.342,67.906,ra-object-place
s03t03.ra,67.906,71.336,ra-object-switch-hands
s03t03.ra,71.336,71.342,ra-nothing
s03t03.ra,71.342,72.883,ra-object-place
s03t03.ra,72.883,78.267,ra-nothing
s03t03.ra,78.267,80.266,ra-object-pick
s03t03.ra,80.266,82.458,ra-object-carry
s03t03.ra,82.458,83.918,ra-object-place
s03t03.ra,83.918,84.307,ra-object-switch-hands
s03t03.ra,84.307,85.836,ra-object-place
s03t03.ra,85.836,87.441,ra-nothing
s03t03.ra,87.441,89.44,ra-object-pick
s03t03.ra,89.44,90.749,ra-object-carry
s03t03.ra,90.749,91.964,ra-object-place
s03t03.ra,91.964,91.969,ra-nothing
s03t03.ra,91.969,92.388,ra-object-switch-hands
s03t03.ra,92.388,92.394,ra-nothing
s03t03.ra,92.394,93.208,ra-object-place
s03t03.ra,93.208,94.702,ra-nothing
s03t03.ra,94.702,96.726,ra-object-pick
s03t03.ra,96.726,99.33,ra-object-carry
s03t03.ra,99.33,100.551,ra-object-place
s03t03.ra,100.551,102.278,ra-nothing
s03t03.ra,102.278,104.092,ra-object-pick
s03t03.ra,104.092,105.598,ra-object-carry
s03t03.ra,105.598,107.388,ra-object-place
s03t03.ra,107.388,110.97,ra-nothing
s03t03.ra,110.97,113.324,ra-object-pick
s03t03.ra,113.324,119.956,ra-object-carry
s03t03.ra,119.956,119.964,ra-nothing
s03t03.ra,119.964,123.83,ra-object-place
s03t03.ra,123.83,136.691,ra-nothing
s03t03.ra,136.691,138.819,ra-object-pick
s03t03.ra,138.819,140.662,ra-object-carry
s03t03.ra,140.662,140.668,ra-nothing
s03t03.ra,140.668,144.011,ra-object-place
s03t03.ra,144.011,146.406,ra-nothing
s03t03.ra,146.406,148.359,ra-object-pick
s03t03.ra,148.359,150.295,ra-object-carry
s03t03.ra,150.295,152.394,ra-object-place
s03t03.ra,152.394,153.999,ra-nothing
s03t03.ra,153.999,155.371,ra-object-pick
s03t03.ra,155.371,158.267,ra-object-carry
s03t03.ra,158.267,158.272,ra-nothing
s03t03.ra,158.272,160.237,ra-object-place
s03t03.ra,160.237,179.915,ra-nothing
s03t04.la,0.0,7.6,la-nothing
s03t04.la,7.6,12.08,la-object-pick
s03t04.la,12.08,17.83,la-object-carry
s03t04.la,17.83,22.2,la-nothing
s03t04.la,22.2,24.45,la-object-pick
s03t04.la,24.45,29.58,la-object-carry
s03t04.la,29.58,34.42,la-object-place
s03t04.la,34.42,43.187,la-nothing
s03t04.la,43.187,49.413,la-object-carry
s03t04.la,49.413,51.729,la-object-place
s03t04.la,51.729,53.977,la-nothing
s03t04.la,53.977,55.74,la-object-place
s03t04.la,55.74,57.093,la-nothing
s03t04.la,57.093,60.949,la-object-orient
s03t04.la,60.949,62.519,la-nothing
s03t04.la,62.519,64.264,la-object-pick
s03t04.la,64.264,69.27,la-object-carry
s03t04.la,69.27,79.236,la-nothing
s03t04.la,79.236,83.56,la-object-carry
s03t04.la,83.56,84.922,la-object-place
s03t04.la,84.922,85.546,la-object-switch-hands
s03t04.la,85.546,87.381,la-object-place
s03t04.la,87.381,91.524,la-nothing
s03t04.la,91.524,93.612,la-object-pick
s03t04.la,93.612,95.175,la-object-carry
s03t04.la,95.175,96.413,la-object-place
s03t04.la,96.413,97.11,la-object-switch-hands
s03t04.la,97.11,98.193,la-object-place
s03t04.la,98.193,99.016,la-nothing
s03t04.la,99.016,100.48,la-object-pick
s03t04.la,100.48,101.722,la-object-carry
s03t04.la,101.722,103.667,la-object-place
s03t04.la,103.667,107.651,la-nothing
s03t04.la,107.651,113.253,la-object-carry
s03t04.la,113.253,115.265,la-object-place
s03t04.la,115.265,115.499,la-object-carry
s03t04.la,115.499,118.381,la-nothing
s03t04.la,118.381,122.773,la-object-orient
s03t04.la,122.773,122.778,la-nothing
s03t04.la,122.778,127.07,la-object-orient
s03t04.la,127.07,147.593,la-nothing
s03t04.ra,0.0,7.6,ra-nothing
s03t04.ra,7.6,12.08,ra-object-pick
s03t04.ra,12.08,14.73,ra-object-carry
s03t04.ra,14.73,15.87,ra-object-switch-hands
s03t04.ra,15.87,17.72,ra-object-place
s03t04.ra,17.72,18.23,ra-object-switch-hands
s03t04.ra,18.23,20.32,ra-object-place
s03t04.ra,20.32,22.2,ra-nothing
s03t04.ra,22.2,24.45,ra-object-pick
s03t04.ra,24.45,26.3,ra-object-carry
s03t04.ra,26.3,26.9,ra-object-switch-hands
s03t04.ra,26.9,36.65,ra-object-carry
s03t04.ra,36.65,41.34,ra-nothing
s03t04.ra,41.34,43.0,ra-object-pick
s03t04.ra,43.0,43.35,ra-object-switch-hands
s03t04.ra,43.35,43.353,ra-nothing
s03t04.ra,43.353,44.712,ra-object-pick
s03t04.ra,44.712,47.618,ra-object-carry
s03t04.ra,47.618,49.419,ra-object-place
s03t04.ra,49.419,52.022,ra-object-carry
s03t04.ra,52.022,53.226,ra-object-place
s03t04.ra,53.226,53.478,ra-object-carry
s03t04.ra,53.478,63.668,ra-nothing
s03t04.ra,63.668,65.54,ra-object-pick
s03t04.ra,65.54,67.369,ra-object-carry
s03t04.ra,67.369,69.176,ra-object-place
s03t04.ra,69.176,69.673,ra-object-switch-hands
s03t04.ra,69.673,71.22,ra-object-place
s03t04.ra,71.22,76.585,ra-nothing
s03t04.ra,76.585,78.795,ra-object-pick
s03t04.ra,78.795,79.441,ra-object-switch-hands
s03t04.ra,79.441,80.613,ra-object-pick
s03t04.ra,80.613,81.015,ra-object-carry
s03t04.ra,81.015,81.805,ra-object-pick
s03t04.ra,81.805,85.447,ra-object-carry
s03t04.ra,85.447,87.381,ra-object-place
s03t04.ra,87.381,92.175,ra-nothing
s03t04.ra,92.175,93.778,ra-object-pick
s03t04.ra,93.778,96.701,ra-object-carry
s03t04.ra,96.701,99.016,ra-nothing
s03t04.ra,99.016,100.48,ra-object-pick
s03t04.ra,100.48,101.722,ra-object-carry
s03t04.ra,101.722,103.667,ra-object-place
s03t04.ra,103.667,105.341,ra-nothing
s03t04.ra,105.341,107.137,ra-object-pick
s03t04.ra,107.137,107.822,ra-object-switch-hands
s03t04.ra,107.822,108.303,ra-object-pick
s03t04.ra,108.303,108.861,ra-object-switch-hands
s03t04.ra,108.861,110.911,ra-object-pick
s03t04.ra,110.911,114.148,ra-object-carry
s03t04.ra,114.148,114.911,ra-nothing
s03t04.ra,114.911,116.259,ra-object-switch-hands
s03t04.ra,116.259,117.811,ra-object-place
s03t04.ra,117.811,120.967,ra-object-orient
s03t04.ra,120.967,120.977,ra-nothing
s03t04.ra,120.977,124.971,ra-object-orient
s03t04.ra,124.971,147.593,ra-nothing
s03t05.la,0.0,4.404,la-nothing
s03t05.la,4.404,6.176,la-object-pick
s03t05.la,6.176,6.181,la-nothing
s03t05.la,6.181,9.153,la-object-carry
s03t05.la,9.153,12.533,la-nothing
s03t05.la,12.533,14.601,la-object-pick
s03t05.la,14.601,15.609,la-object-switch-hands
s03t05.la,15.609,18.084,la-object-carry
s03t05.la,18.084,18.092,la-nothing
s03t05.la,18.092,19.99,la-object-place
s03t05.la,19.99,22.143,la-nothing
s03t05.la,22.143,23.66,la-object-pick
s03t05.la,23.66,23.669,la-nothing
s03t05.la,23.669,25.83,la-object-carry
s03t05.la,25.83,25.838,la-nothing
s03t05.la,25.838,27.143,la-object-place
s03t05.la,27.143,30.55,la-nothing
s03t05.la,30.55,31.44,la-object-switch-hands
s03t05.la,31.44,34.948,la-object-carry
s03t05.la,34.948,36.77,la-object-place
s03t05.la,36.77,38.041,la-object-orient
s03t05.la,38.041,39.271,la-nothing
s03t05.la,39.271,39.796,la-object-carry
s03t05.la,39.796,41.872,la-object-place
s03t05.la,41.872,44.584,la-nothing
s03t05.la,44.584,46.033,la-object-pick
s03t05.la,46.033,52.279,la-object-carry
s03t05.la,52.279,57.194,la-nothing
s03t05.la,57.194,57.694,la-object-switch-hands
s03t05.la,57.694,60.643,la-object-carry
s03t05.la,60.643,62.829,la-object-place
s03t05.la,62.829,65.185,la-nothing
s03t05.la,65.185,66.795,la-object-pick
s03t05.la,66.795,70.27,la-object-carry
s03t05.la,70.27,73.94,la-nothing
s03t05.la,73.94,75.465,la-object-pick
s03t05.la,75.465,75.474,la-nothing
s03t05.la,75.474,77.22,la-object-carry
s03t05.la,77.22,77.228,la-nothing
s03t05.la,77.228,79.254,la-object-place
s03t05.la,79.254,80.686,la-nothing
s03t05.la,80.686,81.745,la-object-pick
s03t05.la,81.745,85.143,la-object-carry
s03t05.la,85.143,86.338,la-object-place
s03t05.la,86.338,86.347,la-nothing
s03t05.la,86.347,89.347,la-object-orient
s03t05.la,89.347,91.1,la-nothing
s03t05.la,91.1,92.439,la-object-pick
s03t05.la,92.439,96.27,la-object-carry
s03t05.la,96.27,109.61,la-nothing
s03t05.la,109.61,115.161,la-object-carry
s03t05.la,115.161,124.289,la-nothing
s03t05.ra,0.0,4.404,ra-nothing
s03t05.ra,4.404,6.176,ra-object-pick
s03t05.ra,6.176,7.911,ra-object-carry
s03t05.ra,7.911,8.963,ra-object-place
s03t05.ra,8.963,9.342,ra-object-switch-hands
s03t05.ra,9.342,9.345,ra-nothing
s03t05.ra,9.345,10.632,ra-object-place
s03t05.ra,10.632,12.541,ra-nothing
s03t05.ra,12.541,15.372,ra-object-pick
s03t05.ra,15.372,16.16,ra-nothing
s03t05.ra,16.16,18.117,ra-object-carry
s03t05.ra,18.117,22.143,ra-nothing
s03t05.ra,22.143,23.66,ra-object-pick
s03t05.ra,23.66,25.126,ra-object-carry
s03t05.ra,25.126,26.584,ra-object-place
s03t05.ra,26.584,29.804,ra-nothing
s03t05.ra,29.804,33.68,ra-object-pick
s03t05.ra,33.68,36.957,ra-object-carry
s03t05.ra,36.957,38.881,ra-object-place
s03t05.ra,38.881,39.796,ra-object-switch-hands
s03t05.ra,39.796,44.584,ra-nothing
s03t05.ra,44.584,46.033,ra-object-pick
s03t05.ra,46.033,47.482,ra-object-carry
s03t05.ra,47.482,48.024,ra-object-switch-hands
s03t05.ra,48.024,49.626,ra-object-orient
s03t05.ra,49.626,50.38,ra-object-switch-hands
s03t05.ra,50.38,51.185,ra-object-place
s03t05.ra,51.185,52.177,ra-object-orient
s03t05.ra,52.177,52.668,ra-object-switch-hands
s03t05.ra,52.668,53.956,ra-object-place
s03t05.ra,53.956,56.566,ra-nothing
s03t05.ra,56.566,58.668,ra-object-pick
s03t05.ra,58.668,60.634,ra-object-carry
s03t05.ra,60.634,60.643,ra-nothing
s03t05.ra,60.643,62.829,ra-object-place
s03t05.ra,62.829,63.931,ra-nothing
s03t05.ra,63.931,65.821,ra-object-pick
s03t05.ra,65.821,68.27,ra-object-carry
s03t05.ra,68.27,69.999,ra-object-place
s03t05.ra,69.999,71.101,ra-object-switch-hands
s03t05.ra,71.101,71.109,ra-nothing
s03t05.ra,71.109,72.643,ra-object-place
s03t05.ra,72.643,74.923,ra-nothing
s03t05.ra,74.923,76.143,ra-object-carry
s03t05.ra,76.143,81.262,ra-nothing
s03t05.ra,81.262,82.254,ra-object-pick
s03t05.ra,82.254,85.143,ra-object-carry
s03t05.ra,85.143,86.338,ra-object-place
s03t05.ra,86.338,86.347,ra-nothing
s03t05.ra,86.347,89.347,ra-object-orient
s03t05.ra,89.347,92.05,ra-nothing
s03t05.ra,92.05,93.482,ra-object-pick
s03t05.ra,93.482,93.49,ra-nothing
s03t05.ra,93.49,94.711,ra-object-carry
s03t05.ra,94.711,94.719,ra-nothing
s03t05.ra,94.719,96.041,ra-object-place
s03t05.ra,96.041,96.516,ra-object-switch-hands
s03t05.ra,96.516,97.711,ra-object-place
s03t05.ra,97.711,99.72,ra-nothing
s03t05.ra,99.72,101.211,ra-object-pick
s03t05.ra,101.211,103.372,ra-object-carry
s03t05.ra,103.372,106.186,ra-object-place
s03t05.ra,106.186,108.584,ra-nothing
s03t05.ra,108.584,109.347,ra-object-pick
s03t05.ra,109.347,109.703,ra-object-switch-hands
s03t05.ra,109.703,111.576,ra-object-pick
s03t05.ra,111.576,111.584,ra-nothing
s03t05.ra,111.584,113.864,ra-object-carry
s03t05.ra,113.864,113.872,ra-nothing
s03t05.ra,113.872,115.025,ra-object-place
s03t05.ra,115.025,115.398,ra-object-switch-hands
s03t05.ra,115.398,117.83,ra-object-place
s03t05.ra,117.83,124.289,ra-nothing
s04t01.la,0.0,8.193,la-nothing
s04t01.la,8.193,9.774,la-object-pick
s04t01.la,9.774,12.009,la-object-carry
s04t01.la,12.009,12.019,la-nothing
s04t01.la,12.019,14.499,la-object-place
s04t01.la,14.499,20.55,la-nothing
s04t01.la,20.55,27.285,la-object-carry
s04t01.la,27.285,27.295,la-nothing
s04t01.la,27.295,29.795,la-object-place
s04t01.la,29.795,30.733,la-nothing
s04t01.la,30.733,31.692,la-object-pick
s04t01.la,31.692,32.131,la-object-switch-hands
s04t01.la,32.131,32.141,la-nothing
s04t01.la,32.141,33.897,la-object-orient
s04t01.la,33.897,37.03,la-nothing
s04t01.la,37.03,38.632,la-object-pick
s04t01.la,38.632,39.07,la-nothing
s04t01.la,39.07,42.54,la-object-orient
s04t01.la,42.54,47.019,la-nothing
s04t01.la,47.019,50.091,la-object-pick
s04t01.la,50.091,55.948,la-nothing
s04t01.la,55.948,58.183,la-object-orient
s04t01.la,58.183,60.418,la-nothing
s04t01.la,60.418,62.213,la-object-pick
s04t01.la,62.213,62.438,la-nothing
s04t01.la,62.438,64.081,la-object-pick
s04t01.la,64.081,64.091,la-nothing
s04t01.la,64.091,66.683,la-object-carry
s04t01.la,66.683,72.06,la-nothing
s04t01.la,72.06,74.937,la-object-carry
s04t01.la,74.937,76.65,la-object-place
s04t01.la,76.65,81.881,la-nothing
s04t01.la,81.881,83.896,la-object-carry
s04t01.la,83.896,87.604,la-object-place
s04t01.la,87.604,92.261,la-nothing
s04t01.la,92.261,95.482,la-object-orient
s04t01.la,95.482,96.598,la-nothing
s04t01.la,96.598,102.949,la-object-orient
s04t01.la,102.949,137.225,la-nothing
s04t01.ra,0.0,7.713,ra-nothing
s04t01.ra,7.713,9.366,ra-object-pick
s04t01.ra,9.366,9.774,ra-object-switch-hands
s04t01.ra,9.774,13.765,ra-object-carry
s04t01.ra,13.765,16.071,ra-object-place
s04t01.ra,16.071,19.356,ra-nothing
s04t01.ra,19.356,20.152,ra-object-pick
s04t01.ra,20.152,20.754,ra-object-switch-hands
s04t01.ra,20.754,22.203,ra-object-pick
s04t01.ra,22.203,23.244,ra-object-switch-hands
s04t01.ra,23.244,23.846,ra-nothing
s04t01.ra,23.846,24.968,ra-object-switch-hands
s04t01.ra,24.968,24.979,ra-nothing
s04t01.ra,24.979,27.519,ra-object-place
s04t01.ra,27.519,32.009,ra-nothing
s04t01.ra,32.009,35.274,ra-object-carry
s04t01.ra,35.274,36.764,ra-object-place
s04t01.ra,36.764,38.397,ra-nothing
s04t01.ra,38.397,39.407,ra-object-switch-hands
s04t01.ra,39.407,43.672,ra-object-carry
s04t01.ra,43.672,45.581,ra-object-place
s04t01.ra,45.581,48.519,ra-nothing
s04t01.ra,48.519,50.479,ra-object-switch-hands
s04t01.ra,50.479,50.938,ra-object-carry
s04t01.ra,50.938,50.948,ra-nothing
s04t01.ra,50.948,52.662,ra-object-place
s04t01.ra,52.662,53.56,ra-nothing
s04t01.ra,53.56,55.06,ra-object-pick
s04t01.ra,55.06,55.071,ra-nothing
s04t01.ra,55.071,56.815,ra-object-carry
s04t01.ra,56.815,56.816,ra-nothing
s04t01.ra,56.816,59.152,ra-object-place
s04t01.ra,59.152,61.724,ra-nothing
s04t01.ra,61.724,62.428,ra-object-switch-hands
s04t01.ra,62.428,64.683,ra-object-carry
s04t01.ra,64.683,64.693,ra-nothing
s04t01.ra,64.693,66.458,ra-object-place
s04t01.ra,66.458,66.958,ra-object-switch-hands
s04t01.ra,66.958,68.193,ra-object-place
s04t01.ra,68.193,69.703,ra-nothing
s04t01.ra,69.703,71.693,ra-object-pick
s04t01.ra,71.693,72.346,ra-object-switch-hands
s04t01.ra,72.346,72.35,ra-nothing
s04t01.ra,72.35,73.713,ra-object-pick
s04t01.ra,73.713,73.716,ra-nothing
s04t01.ra,73.716,76.433,ra-object-carry
s04t01.ra,76.433,76.437,ra-nothing
s04t01.ra,76.437,78.074,ra-object-place
s04t01.ra,78.074,79.899,ra-nothing
s04t01.ra,79.899,81.685,ra-object-pick
s04t01.ra,81.685,82.043,ra-object-switch-hands
s04t01.ra,82.043,82.94,ra-object-pick
s04t01.ra,82.94,83.896,ra-object-carry
s04t01.ra,83.896,87.604,ra-object-place
s04t01.ra,87.604,137.225,ra-nothing
s05t02.la,0.0,11.277,la-nothing
s05t02.la,11.277,14.638,la-object-carry
s05t02.la,14.638,18.055,la-object-place
s05t02.la,18.055,22.583,la-nothing
s05t02.la,22.583,26.416,la-object-carry
s05t02.la,26.416,29.527,la-object-place
s05t02.la,29.527,32.638,la-nothing
s05t02.la,32.638,35.86,la-object-switch-hands
s05t02.la,35.86,35.862,la-nothing
s05t02.la,35.862,41.522,la-object-carry
s05t02.la,41.522,43.677,la-object-place
s05t02.la,43.677,46.458,la-object-orient
s05t02.la,46.458,70.706,la-nothing
s05t02.la,70.706,75.32,la-object-pick
s05t02.la,75.32,75.33,la-nothing
s05t02.la,75.33,77.807,la-object-pick
s05t02.la,77.807,77.816,la-nothing
s05t02.la,77.816,80.054,la-object-carry
s05t02.la,80.054,80.063,la-nothing
s05t02.la,80.063,82.467,la-object-place
s05t02.la,82.467,82.476,la-nothing
s05t02.la,82.476,83.953,la-object-switch-hands
s05t02.la,83.953,97.771,la-object-carry
s05t02.la,97.771,100.395,la-object-place
s05t02.la,100.395,103.925,la-nothing
s05t02.la,103.925,105.228,la-object-orient
s05t02.la,105.228,110.668,la-nothing
s05t02.la,110.668,111.558,la-object-switch-hands
s05t02.la,111.558,111.568,la-nothing
s05t02.la,111.568,126.975,la-object-carry
s05t02.la,126.975,126.981,la-nothing
s05t02.la,126.981,128.449,la-object-place
s05t02.la,128.449,136.693,la-nothing
s05t02.la,136.693,139.749,la-object-orient
s05t02.la,139.749,145.375,la-nothing
s05t02.la,145.375,166.436,la-object-carry
s05t02.la,166.436,175.118,la-nothing
s05t02.la,175.118,178.898,la-object-carry
s05t02.la,178.898,181.127,la-object-place
s05t02.la,181.127,187.155,la-nothing
s05t02.la,187.155,194.027,la-object-carry
s05t02.la,194.027,196.247,la-object-place
s05t02.la,196.247,198.054,la-nothing
s05t02.la,198.054,202.531,la-object-orient
s05t02.la,202.531,223.265,la-nothing
s05t02.la,223.265,226.376,la-object-carry
s05t02.la,226.376,226.385,la-nothing
s05t02.la,226.385,229.192,la-object-place
s05t02.la,229.192,230.293,la-nothing
s05t02.la,230.293,232.647,la-object-pick
s05t02.la,232.647,234.185,la-object-carry
s05t02.la,234.185,236.238,la-object-place
s05t02.la,236.238,239.421,la-nothing
s05t02.la,239.421,241.11,la-object-orient
s05t02.la,241.11,254.559,la-nothing
s05t02.la,254.559,258.871,la-object-carry
s05t02.la,258.871,260.467,la-object-place
s05t02.la,260.467,265.586,la-nothing
s05t02.la,265.586,273.091,la-object-carry
s05t02.la,273.091,279.495,la-nothing
s05t02.la,279.495,280.532,la-object-carry
s05t02.la,280.532,305.715,la-nothing
s05t02.la,305.715,308.256,la-object-orient
s05t02.la,308.256,310.733,la-nothing
s05t02.la,310.733,315.962,la-object-orient
s05t02.la,315.962,317.118,la-object-pick
s05t02.la,317.118,318.302,la-object-carry
s05t02.la,318.302,320.283,la-object-place
s05t02.la,320.283,323.412,la-nothing
s05t02.la,323.412,325.081,la-object-pick
s05t02.la,325.081,325.091,la-nothing
s05t02.la,325.091,326.871,la-object-carry
s05t02.la,326.871,328.935,la-object-place
s05t02.la,328.935,345.549,la-nothing
s05t02.ra,0.0,9.888,ra-nothing
s05t02.ra,9.888,12.055,ra-object-pick
s05t02.ra,12.055,14.638,ra-object-carry
s05t02.ra,14.638,18.055,ra-object-place
s05t02.ra,18.055,20.305,ra-nothing
s05t02.ra,20.305,22.944,ra-object-pick
s05t02.ra,22.944,22.971,ra-nothing
s05t02.ra,22.971,25.555,ra-object-carry
s05t02.ra,25.555,25.582,ra-nothing
s05t02.ra,25.582,29.527,ra-object-orient
s05t02.ra,29.527,31.721,ra-nothing
s05t02.ra,31.721,37.027,ra-object-pick
s05t02.ra,37.027,38.449,ra-object-carry
s05t02.ra,38.449,39.531,ra-object-place
s05t02.ra,39.531,41.522,ra-object-orient
s05t02.ra,41.522,43.677,ra-object-switch-hands
s05t02.ra,43.677,50.036,ra-object-orient
s05t02.ra,50.036,52.0,ra-nothing
s05t02.ra,52.0,55.238,ra-object-pick
s05t02.ra,55.238,55.247,ra-nothing
s05t02.ra,55.247,58.981,ra-object-carry
s05t02.ra,58.981,61.468,ra-object-place
s05t02.ra,61.468,67.147,ra-object-orient
s05t02.ra,67.147,70.706,ra-nothing
s05t02.ra,70.706,75.32,ra-object-pick
s05t02.ra,75.32,82.967,ra-object-carry
s05t02.ra,82.967,82.981,ra-nothing
s05t02.ra,82.981,85.036,ra-object-switch-hands
s05t02.ra,85.036,88.118,ra-object-place
s05t02.ra,88.118,93.063,ra-object-orient
s05t02.ra,93.063,93.073,ra-nothing
s05t02.ra,93.073,97.762,ra-object-orient
s05t02.ra,97.762,100.413,ra-object-place
s05t02.ra,100.413,103.918,ra-object-orient
s05t02.ra,103.918,109.999,ra-nothing
s05t02.ra,109.999,111.283,ra-object-pick
s05t02.ra,111.283,111.292,ra-nothing
s05t02.ra,111.292,113.393,ra-object-pick
s05t02.ra,113.393,115.082,ra-object-switch-hands
s05t02.ra,115.082,115.091,ra-nothing
s05t02.ra,115.091,117.724,ra-object-pick
s05t02.ra,117.724,120.311,ra-object-carry
s05t02.ra,120.311,122.476,ra-object-place
s05t02.ra,122.476,124.174,ra-object-carry
s05t02.ra,124.174,126.073,ra-object-place
s05t02.ra,126.073,127.119,ra-object-switch-hands
s05t02.ra,127.119,130.237,ra-object-carry
s05t02.ra,130.237,133.026,ra-object-place
s05t02.ra,133.026,134.146,ra-object-carry
s05t02.ra,134.146,136.715,ra-object-place
s05t02.ra,136.715,142.843,ra-nothing
s05t02.ra,142.843,144.788,ra-object-pick
s05t02.ra,144.788,145.549,ra-object-switch-hands
s05t02.ra,145.549,149.192,ra-object-pick
s05t02.ra,149.192,149.513,ra-object-carry
s05t02.ra,149.513,150.779,ra-object-switch-hands
s05t02.ra,150.779,152.348,ra-object-carry
s05t02.ra,152.348,154.008,ra-object-place
s05t02.ra,154.008,154.018,ra-nothing
s05t02.ra,154.018,155.908,ra-object-orient
s05t02.ra,155.908,155.917,ra-nothing
s05t02.ra,155.917,157.963,ra-object-switch-hands
s05t02.ra,157.963,159.302,ra-object-place
s05t02.ra,159.302,160.99,ra-object-orient
s05t02.ra,160.99,161.302,ra-nothing
s05t02.ra,161.302,163.366,ra-object-switch-hands
s05t02.ra,163.366,164.486,ra-object-place
s05t02.ra,164.486,164.495,ra-nothing
s05t02.ra,164.495,165.742,ra-object-orient
s05t02.ra,165.742,165.752,ra-nothing
s05t02.ra,165.752,167.229,ra-object-switch-hands
s05t02.ra,167.229,167.247,ra-nothing
s05t02.ra,167.247,168.693,ra-object-place
s05t02.ra,168.693,170.221,ra-object-orient
s05t02.ra,170.221,173.338,ra-nothing
s05t02.ra,173.338,174.76,ra-object-pick
s05t02.ra,174.76,175.228,ra-object-switch-hands
s05t02.ra,175.228,177.081,ra-object-pick
s05t02.ra,177.081,180.155,ra-object-carry
s05t02.ra,180.155,183.045,ra-object-place
s05t02.ra,183.045,185.586,ra-nothing
s05t02.ra,185.586,186.696,ra-object-pick
s05t02.ra,186.696,187.403,ra-object-switch-hands
s05t02.ra,187.403,188.476,ra-object-pick
s05t02.ra,188.476,188.485,ra-nothing
s05t02.ra,188.485,191.017,ra-object-carry
s05t02.ra,191.017,191.027,ra-nothing
s05t02.ra,191.027,193.999,ra-object-place
s05t02.ra,193.999,194.375,ra-nothing
s05t02.ra,194.375,200.036,ra-object-orient
s05t02.ra,200.036,205.898,ra-nothing
s05t02.ra,205.898,207.825,ra-object-pick
s05t02.ra,207.825,207.834,ra-nothing
s05t02.ra,207.834,210.054,ra-object-carry
s05t02.ra,210.054,215.476,ra-object-place
s05t02.ra,215.476,218.522,ra-nothing
s05t02.ra,218.522,222.182,ra-object-pick
s05t02.ra,222.182,223.613,ra-object-switch-hands
s05t02.ra,223.613,223.623,ra-nothing
s05t02.ra,223.623,225.073,ra-object-pick
s05t02.ra,225.073,227.412,ra-object-place
s05t02.ra,227.412,230.293,ra-object-orient
s05t02.ra,230.293,232.647,ra-object-pick
s05t02.ra,232.647,234.185,ra-object-carry
s05t02.ra,234.185,236.238,ra-object-place
s05t02.ra,236.238,239.407,ra-object-orient
s05t02.ra,239.407,239.421,ra-nothing
s05t02.ra,239.421,247.027,ra-object-orient
s05t02.ra,247.027,252.807,ra-nothing
s05t02.ra,252.807,253.999,ra-object-pick
s05t02.ra,253.999,254.752,ra-object-switch-hands
s05t02.ra,254.752,257.201,ra-object-pick
s05t02.ra,257.201,260.082,ra-object-carry
s05t02.ra,260.082,262.394,ra-object-place
s05t02.ra,262.394,264.091,ra-nothing
s05t02.ra,264.091,265.192,ra-object-pick
s05t02.ra,265.192,265.201,ra-nothing
s05t02.ra,265.201,265.742,ra-object-switch-hands
s05t02.ra,265.742,267.623,ra-object-pick
s05t02.ra,267.623,270.439,ra-object-carry
s05t02.ra,270.439,270.449,ra-nothing
s05t02.ra,270.449,272.192,ra-object-place
s05t02.ra,272.192,272.201,ra-nothing
s05t02.ra,272.201,273.889,ra-object-switch-hands
s05t02.ra,273.889,275.742,ra-object-place
s05t02.ra,275.742,279.145,ra-object-pick
s05t02.ra,279.145,280.733,ra-object-switch-hands
s05t02.ra,280.733,283.164,ra-object-place
s05t02.ra,283.164,289.669,ra-object-orient
s05t02.ra,289.669,298.091,ra-nothing
s05t02.ra,298.091,300.11,ra-object-pick
s05t02.ra,300.11,306.754,ra-object-carry
s05t02.ra,306.754,306.77,ra-nothing
s05t02.ra,306.77,308.348,ra-object-place
s05t02.ra,308.348,310.733,ra-nothing
s05t02.ra,310.733,315.962,ra-object-orient
s05t02.ra,315.962,317.118,ra-object-pick
s05t02.ra,317.118,319.962,ra-object-carry
s05t02.ra,319.962,321.898,ra-object-place
s05t02.ra,321.898,323.412,ra-nothing
s05t02.ra,323.412,325.081,ra-object-pick
s05t02.ra,325.081,325.091,ra-nothing
s05t02.ra,325.091,329.77,ra-object-carry
s05t02.ra,329.77,329.779,ra-nothing
s05t02.ra,329.779,332.082,ra-object-place
s05t02.ra,332.082,345.549,ra-nothing
s05t06.la,0.0,25.529,la-nothing
s05t06.la,25.529,26.279,la-object-carry
s05t06.la,26.279,34.371,la-nothing
s05t06.la,34.371,35.092,la-object-switch-hands
s05t06.la,35.092,35.097,la-nothing
s05t06.la,35.097,37.702,la-object-carry
s05t06.la,37.702,37.708,la-nothing
s05t06.la,37.708,40.47,la-object-place
s05t06.la,40.47,42.22,la-object-orient
s05t06.la,42.22,44.452,la-nothing
s05t06.la,44.452,45.975,la-object-pick
s05t06.la,45.975,47.539,la-object-carry
s05t06.la,47.539,54.749,la-nothing
s05t06.la,54.749,57.034,la-object-pick
s05t06.la,57.034,58.668,la-object-carry
s05t06.la,58.668,58.673,la-nothing
s05t06.la,58.673,61.137,la-object-place
s05t06.la,61.137,69.807,la-nothing
s05t06.la,69.807,72.981,la-object-switch-hands
s05t06.la,72.981,78.446,la-object-carry
s05t06.la,78.446,78.452,la-nothing
s05t06.la,78.452,80.231,la-object-place
s05t06.la,80.231,81.458,la-object-pick
s05t06.la,81.458,87.784,la-object-carry
s05t06.la,87.784,90.197,la-object-place
s05t06.la,90.197,98.092,la-nothing
s05t06.la,98.092,106.755,la-object-carry
s05t06.la,106.755,115.726,la-nothing
s05t06.la,115.726,117.994,la-object-switch-hands
s05t06.la,117.994,117.999,la-nothing
s05t06.la,117.999,128.653,la-object-carry
s05t06.la,128.653,176.656,la-nothing
s05t06.ra,0.0,7.14,ra-nothing
s05t06.ra,7.14,9.73,ra-object-pick
s05t06.ra,9.73,11.51,ra-object-carry
s05t06.ra,11.51,14.09,ra-object-place
s05t06.ra,14.09,15.25,ra-nothing
s05t06.ra,15.25,17.24,ra-object-pick
s05t06.ra,17.24,17.244,ra-nothing
s05t06.ra,17.244,18.47,ra-object-carry
s05t06.ra,18.47,18.476,ra-nothing
s05t06.ra,18.476,20.511,ra-object-place
s05t06.ra,20.511,22.906,ra-nothing
s05t06.ra,22.906,25.634,ra-object-pick
s05t06.ra,25.634,26.895,ra-object-carry
s05t06.ra,26.895,29.465,ra-object-place
s05t06.ra,29.465,31.482,ra-nothing
s05t06.ra,31.482,33.633,ra-object-pick
s05t06.ra,33.633,34.581,ra-object-carry
s05t06.ra,34.581,34.586,ra-nothing
s05t06.ra,34.586,36.51,ra-object-pick
s05t06.ra,36.51,38.539,ra-object-carry
s05t06.ra,38.539,40.795,ra-object-place
s05t06.ra,40.795,46.475,ra-nothing
s05t06.ra,46.475,47.859,ra-object-switch-hands
s05t06.ra,47.859,49.545,ra-object-place
s05t06.ra,49.545,49.552,ra-nothing
s05t06.ra,49.552,51.31,ra-object-orient
s05t06.ra,51.31,53.802,ra-nothing
s05t06.ra,53.802,57.034,ra-object-pick
s05t06.ra,57.034,62.034,ra-object-carry
s05t06.ra,62.034,64.284,ra-object-place
s05t06.ra,64.284,68.348,ra-nothing
s05t06.ra,68.348,70.185,ra-object-pick
s05t06.ra,70.185,72.731,ra-object-carry
s05t06.ra,72.731,75.795,ra-object-pick
s05t06.ra,75.795,75.796,ra-nothing
s05t06.ra,75.796,81.459,ra-object-carry
s05t06.ra,81.459,84.366,ra-object-place
s05t06.ra,84.366,90.121,ra-object-carry
s05t06.ra,90.121,92.598,ra-object-place
s05t06.ra,92.598,95.779,ra-nothing
s05t06.ra,95.779,97.68,ra-object-pick
s05t06.ra,97.68,98.25,ra-object-switch-hands
s05t06.ra,98.25,99.738,ra-object-pick
s05t06.ra,99.738,99.743,ra-nothing
s05t06.ra,99.743,101.319,ra-object-carry
s05t06.ra,101.319,103.382,ra-object-place
s05t06.ra,103.382,103.383,ra-nothing
s05t06.ra,103.383,106.273,ra-object-carry
s05t06.ra,106.273,107.319,ra-object-switch-hands
s05t06.ra,107.319,109.313,ra-object-place
s05t06.ra,109.313,113.947,ra-nothing
s05t06.ra,113.947,116.494,ra-object-pick
s05t06.ra,116.494,118.697,ra-object-carry
s05t06.ra,118.697,120.348,ra-object-place
s05t06.ra,120.348,122.476,ra-object-orient
s05t06.ra,122.476,125.981,ra-nothing
s05t06.ra,125.981,128.121,ra-object-orient
s05t06.ra,128.121,128.122,ra-nothing
s05t06.ra,128.122,128.936,ra-object-switch-hands
s05t06.ra,128.936,128.941,ra-nothing
s05t06.ra,128.941,129.947,ra-object-place
s05t06.ra,129.947,132.08,ra-object-orient
s05t06.ra,132.08,150.637,ra-nothing
s05t06.ra,150.637,153.608,ra-object-pick
s05t06.ra,153.608,155.516,ra-object-carry
s05t06.ra,155.516,159.749,ra-object-place
s05t06.ra,159.749,162.081,ra-nothing
s05t06.ra,162.081,164.72,ra-object-pick
s05t06.ra,164.72,164.726,ra-nothing
s05t06.ra,164.726,165.61,ra-object-carry
s05t06.ra,165.61,167.383,ra-object-place
s05t06.ra,167.383,167.389,ra-nothing
s05t06.ra,167.389,169.098,ra-object-pick
s05t06.ra,169.098,171.109,ra-object-carry
s05t06.ra,171.109,172.813,ra-object-place
s05t06.ra,172.813,176.656,ra-nothing
